movie_id,title,content_type,genre_primary,genre_secondary,release_year,duration_minutes,rating,language,country_of_origin,imdb_rating,production_budget,box_office_revenue,number_of_seasons,number_of_episodes,is_netflix_original,added_to_platform,content_warning,is_imdb_rating_missing,is_production_budget_missing,is_box_office_revenue_missing
movie_0001,Dragon Legend,Stand-up Comedy,History,Thriller,2014,35.0,TV-Y,French,Japan,6.4,0.0,0.0,1,1,0,2023-08-07,0,1,1,1
movie_0002,Storm Warrior,Stand-up Comedy,Sci-Fi,unknown,2017,37.0,PG,Japanese,USA,3.3,0.0,0.0,1,1,0,2022-01-28,1,0,1,1
movie_0003,Fire Family,Movie,Drama,unknown,2003,142.0,TV-MA,English,USA,8.5,2114120.0,0.0,1,1,0,2021-05-04,1,0,0,1
movie_0004,Our Princess,Documentary,Sci-Fi,unknown,2011,131.0,NC-17,Japanese,USA,5.3,0.0,0.0,1,1,0,2022-11-26,0,0,1,1
movie_0005,Warrior Mission,Documentary,Sport,Mystery,2015,91.0,TV-G,English,USA,3.1,0.0,0.0,1,1,0,2023-06-15,0,0,1,1
movie_0006,Kingdom Phoenix,Movie,Documentary,Music,1997,113.0,PG-13,English,USA,8.0,4214426.0,792291.0,1,1,0,2021-01-21,0,0,0,0
movie_0007,Battle Story,TV Series,Sci-Fi,unknown,2003,52.0,TV-Y7,English,USA,6.4,0.0,0.0,1,158,0,2021-11-30,0,1,1,1
movie_0008,Old House,Movie,Horror,unknown,1991,109.0,TV-Y,Spanish,South Korea,7.7,629216.0,3995303.0,1,1,0,2020-10-04,0,0,0,0
movie_0009,Dragon Empire,Movie,Biography,unknown,2013,123.0,PG,Spanish,USA,8.4,0.0,0.0,1,1,0,2024-05-09,0,0,1,1
movie_0010,Dream War,Limited Series,Thriller,Animation,2019,49.0,TV-Y,Italian,Japan,8.2,0.0,0.0,12,32,0,2021-09-20,0,0,1,1
movie_0011,Day Dream,Movie,Western,unknown,2022,148.0,R,English,USA,6.4,16018207.0,0.0,1,1,1,2025-06-02,0,1,0,1
movie_0012,Bright War,Movie,Crime,Sci-Fi,1997,95.0,G,English,South Korea,9.9,0.0,72997481.0,1,1,0,2025-05-22,0,0,1,0
movie_0013,Dream Journey,Movie,Romance,unknown,2013,138.0,PG,English,Germany,8.6,1758821.0,3573506.0,1,1,0,2021-01-20,1,0,0,0
movie_0014,Little War,Movie,Mystery,unknown,1990,117.0,TV-14,Korean,Japan,8.4,0.0,32793336.0,1,1,1,2020-10-01,0,0,1,0
movie_0015,Hero Empire,Movie,Sci-Fi,Mystery,2012,108.0,TV-G,English,UK,6.4,2006408.0,0.0,1,1,0,2022-09-18,0,1,0,1
movie_0016,Last Dream,TV Series,Family,unknown,1999,54.0,PG-13,Spanish,USA,6.0,0.0,0.0,1,139,0,2022-01-19,0,0,1,1
movie_0017,Kingdom Battle,Stand-up Comedy,War,unknown,2018,72.0,NC-17,Italian,UK,5.9,0.0,0.0,1,1,1,2021-10-13,0,0,1,1
movie_0018,Princess Phoenix,Movie,Adventure,unknown,2011,116.0,PG,English,France,7.6,10555440.0,7278095.0,1,1,1,2021-04-04,0,0,0,0
movie_0019,An Legend,Limited Series,Sci-Fi,Crime,2004,48.0,TV-PG,English,UK,9.3,0.0,0.0,1,155,0,2022-05-12,0,0,1,1
movie_0020,An Mystery,TV Series,Fantasy,unknown,2009,41.0,PG-13,English,Canada,7.1,0.0,0.0,14,168,0,2022-08-21,0,0,1,1
movie_0021,Family Love,Limited Series,Family,Thriller,2020,52.0,TV-PG,English,USA,8.5,0.0,0.0,5,106,0,2023-07-25,0,0,1,1
movie_0022,First Mystery,Movie,Sci-Fi,unknown,1998,115.0,TV-PG,English,South Korea,6.4,2934549.0,40080746.0,1,1,1,2022-09-12,0,1,0,0
movie_0023,Mystery Night,TV Series,Adventure,unknown,2020,60.0,TV-MA,English,USA,4.8,0.0,0.0,6,197,1,2024-10-18,0,0,1,1
movie_0024,Fire Mystery,Movie,Biography,unknown,1990,114.0,TV-Y7,English,South Korea,4.4,895311.0,52104449.0,1,1,0,2023-04-04,0,0,0,0
movie_0025,Quest Queen,Movie,Family,unknown,2013,127.0,PG,English,UK,9.2,0.0,1286089.0,1,1,0,2024-12-21,0,0,1,0
movie_0026,Last Love,TV Series,Comedy,unknown,2000,78.0,PG,English,India,8.6,0.0,0.0,10,121,0,2025-02-23,0,0,1,1
movie_0027,House House,Stand-up Comedy,Western,unknown,2012,60.0,PG-13,English,South Korea,7.0,0.0,0.0,1,1,1,2021-09-19,0,0,1,1
movie_0028,Legend Hero,Stand-up Comedy,Biography,Romance,2003,417.0,PG,French,USA,6.4,0.0,0.0,1,1,0,2024-01-07,0,1,1,1
movie_0029,Dark Princess,Movie,Horror,Sport,1998,117.0,PG,English,Japan,5.4,0.0,6128075.0,1,1,0,2022-04-16,0,0,1,0
movie_0030,Dragon King,Movie,Documentary,unknown,2017,151.0,G,English,India,7.5,0.0,9373734.0,1,1,0,2024-06-10,1,0,1,0
movie_0031,Warrior War,Movie,Romance,unknown,2024,129.0,TV-Y7,English,USA,4.7,0.0,2057069.0,1,1,0,2022-06-10,0,0,1,0
movie_0032,House Hero,TV Series,Crime,unknown,2000,31.0,TV-Y7,German,UK,6.4,0.0,0.0,3,24,0,2024-02-13,0,1,1,1
movie_0033,Mystery City,Movie,Horror,unknown,1995,116.0,TV-MA,Korean,USA,7.3,0.0,0.0,1,1,0,2022-06-24,0,0,1,1
movie_0034,Mission Kingdom,TV Series,War,Horror,2018,48.0,TV-PG,English,India,7.7,0.0,0.0,14,138,1,2023-10-22,1,0,1,1
movie_0035,Princess Love,TV Series,Family,Romance,1994,38.0,TV-PG,English,USA,7.4,0.0,0.0,1,62,0,2021-03-01,0,0,1,1
movie_0036,House Legend,TV Series,Adventure,Action,2018,61.0,PG-13,Spanish,Germany,6.5,0.0,0.0,10,57,0,2025-04-18,0,0,1,1
movie_0037,Empire King,TV Series,Comedy,unknown,2011,51.0,TV-G,French,USA,6.4,0.0,0.0,5,23,0,2025-05-02,0,1,1,1
movie_0038,A Empire,Movie,Action,unknown,1993,98.0,TV-MA,Korean,USA,5.6,3127772.0,391629433.0,1,1,1,2021-06-29,0,0,0,0
movie_0039,Love Queen,Movie,Mystery,unknown,2019,80.0,PG-13,German,USA,7.3,5603605.0,0.0,1,1,0,2022-01-10,0,0,0,1
movie_0040,Mystery Quest,Movie,War,Music,2005,116.0,PG-13,Japanese,UK,6.4,1816487.0,2016406.0,1,1,0,2023-02-04,0,0,0,0
movie_0041,Kingdom War,Documentary,Biography,Sport,2003,83.0,TV-14,English,USA,6.4,0.0,0.0,1,1,0,2023-03-23,0,1,1,1
movie_0042,First Hero,Movie,Action,unknown,2020,452.0,TV-G,Hindi,India,6.7,2146992.0,55547817.0,1,1,1,2024-06-01,0,0,0,0
movie_0043,City Queen,Documentary,Family,unknown,2005,80.0,PG-13,Spanish,USA,6.3,0.0,0.0,1,1,0,2022-12-12,0,0,1,1
movie_0044,Dragon City,Stand-up Comedy,War,Documentary,1998,379.0,TV-G,English,USA,5.2,0.0,0.0,1,1,0,2023-01-31,0,0,1,1
movie_0045,Battle Day,Documentary,History,unknown,2003,92.0,PG,English,USA,5.4,0.0,0.0,1,1,1,2025-02-18,0,0,1,1
movie_0046,The Dragon,TV Series,Family,unknown,2002,43.0,PG-13,English,USA,6.7,0.0,0.0,8,113,0,2023-08-15,0,0,1,1
movie_0047,Day Journey,TV Series,Thriller,unknown,2008,47.0,PG,English,Japan,5.4,0.0,0.0,9,54,0,2020-12-15,0,0,1,1
movie_0048,Secret Legend,Movie,Family,unknown,1994,102.0,TV-14,Hindi,UK,6.4,93953191.0,835652471.0,1,1,0,2024-08-30,0,1,0,0
movie_0049,Kingdom Day,Movie,Thriller,unknown,2023,111.0,NC-17,English,Germany,4.6,629194.0,2736647.0,1,1,0,2024-03-03,0,0,0,0
movie_0050,Last Quest,TV Series,Biography,unknown,2015,41.0,TV-PG,French,USA,6.1,0.0,0.0,8,116,0,2023-08-10,0,0,1,1
movie_0051,Hero Mystery,TV Series,Western,Comedy,1995,52.0,TV-PG,English,USA,8.0,0.0,0.0,12,178,0,2023-09-10,0,0,1,1
movie_0052,Hero Journey,Movie,Sport,Biography,2002,104.0,PG-13,Italian,USA,4.9,6117844.0,16638609.0,1,1,1,2022-11-01,0,0,0,0
movie_0053,Princess City,Documentary,History,unknown,2018,90.0,TV-Y7,English,Canada,4.7,0.0,0.0,1,1,0,2022-02-28,0,0,1,1
movie_0054,Phoenix Journey,TV Series,Romance,History,2021,35.0,TV-MA,English,France,8.8,0.0,0.0,1,78,0,2024-11-17,0,0,1,1
movie_0055,Queen Quest,Movie,Sci-Fi,unknown,2002,84.0,G,Italian,India,4.7,6494786.0,0.0,1,1,1,2023-11-21,1,0,0,1
movie_0056,Big Princess,Movie,Adventure,Comedy,1997,137.0,TV-Y,English,USA,6.2,3593765.0,2259750.0,1,1,1,2021-01-18,0,0,0,0
movie_0057,Mission Dream,Movie,Biography,unknown,2017,82.0,TV-14,Spanish,USA,5.9,4186498.0,7674756.0,1,1,1,2021-10-30,0,0,0,0
movie_0058,Day Mystery,Stand-up Comedy,Drama,unknown,2020,57.0,R,English,USA,6.6,0.0,0.0,1,1,1,2022-10-16,0,0,1,1
movie_0059,Night Secret,TV Series,Romance,Sci-Fi,1992,580.0,TV-14,French,USA,6.3,0.0,0.0,4,42,1,2020-08-24,0,0,1,1
movie_0060,Night Warrior,TV Series,Biography,unknown,1993,44.0,PG-13,English,USA,4.9,0.0,0.0,10,46,0,2024-08-08,0,0,1,1
movie_0061,Journey Night,Movie,Drama,unknown,2017,100.0,TV-MA,English,UK,6.9,11264097.0,0.0,1,1,0,2021-11-25,0,0,0,1
movie_0062,Phoenix Mission,Movie,Action,unknown,2012,129.0,TV-Y,English,USA,4.4,4494260.0,53848956.0,1,1,0,2022-08-16,0,0,0,0
movie_0063,Hero Kingdom,Movie,Adventure,unknown,1997,165.0,G,Hindi,UK,6.9,1360448.0,656952.0,1,1,0,2021-04-22,0,0,0,0
movie_0064,Last City,Documentary,Animation,Crime,1994,115.0,TV-PG,Japanese,South Korea,5.8,0.0,0.0,1,1,0,2021-07-03,0,0,1,1
movie_0065,Day Queen,Movie,Sport,unknown,1991,109.0,TV-14,Italian,USA,6.4,11397312.0,32147534.0,1,1,1,2024-11-16,0,1,0,0
movie_0066,Adventure King,Movie,Comedy,Romance,2013,104.0,TV-14,English,Canada,7.9,4687811.0,26772080.0,1,1,0,2022-06-24,0,0,0,0
movie_0067,Story Mystery,TV Series,Crime,unknown,2005,50.0,PG,English,USA,6.8,0.0,0.0,2,73,0,2023-05-21,0,0,1,1
movie_0068,Secret Night,TV Series,Horror,unknown,1994,46.0,R,English,USA,7.5,0.0,0.0,5,44,0,2021-10-22,0,0,1,1
movie_0069,An Quest,TV Series,Documentary,unknown,2020,42.0,NC-17,Spanish,South Korea,8.1,0.0,0.0,9,6,0,2024-02-13,0,0,1,1
movie_0070,Battle City,Documentary,Biography,unknown,2023,81.0,R,Hindi,France,6.5,0.0,0.0,1,1,0,2022-12-31,1,0,1,1
movie_0071,Phoenix Ice,TV Series,Music,Sci-Fi,2016,70.0,TV-MA,English,Canada,6.7,0.0,0.0,3,79,1,2024-06-17,0,0,1,1
movie_0072,Storm Warrior,Limited Series,Sci-Fi,Drama,2015,73.0,TV-14,French,South Korea,6.4,0.0,0.0,14,75,0,2021-06-09,0,1,1,1
movie_0073,House Family,TV Series,Action,unknown,2021,42.0,TV-PG,German,Canada,4.8,0.0,0.0,5,121,1,2023-03-24,0,0,1,1
movie_0074,Dark Ice,Movie,Comedy,unknown,2005,150.0,PG,English,Canada,6.4,1915176.0,3628760.0,1,1,1,2021-11-07,0,1,0,0
movie_0075,War Hero,TV Series,Animation,Crime,2016,18.0,TV-PG,English,USA,6.5,0.0,0.0,1,177,0,2023-04-21,1,0,1,1
movie_0076,Empire Battle,Movie,Family,Documentary,2023,108.0,G,English,USA,6.8,20837483.0,4643156.0,1,1,1,2023-05-30,0,0,0,0
movie_0077,Our Battle,TV Series,War,History,2018,26.0,TV-14,English,USA,6.4,0.0,0.0,5,95,1,2024-12-03,0,0,1,1
movie_0078,Little War,Movie,Fantasy,Mystery,1999,143.0,NC-17,Hindi,USA,6.4,1035450.0,0.0,1,1,0,2022-03-30,0,1,0,1
movie_0079,Mission Dream,Movie,War,unknown,2005,414.0,TV-G,Hindi,USA,5.9,4204348.0,24367896.0,1,1,0,2021-02-07,0,0,0,0
movie_0080,Day Queen,Movie,Documentary,Documentary,2014,89.0,TV-Y,English,USA,7.8,5453306.0,32981493.0,1,1,0,2022-12-26,0,0,0,0
movie_0081,Mission Fire,Movie,Documentary,unknown,2023,119.0,TV-14,Italian,Japan,7.8,22471820.0,5603722.0,1,1,0,2021-06-05,0,0,0,0
movie_0082,Bright Phoenix,Movie,Western,unknown,1995,408.0,TV-MA,German,South Korea,4.6,8461755.0,173407724.0,1,1,1,2021-04-14,0,0,0,0
movie_0083,Journey Phoenix,Movie,Sci-Fi,unknown,2024,101.0,TV-Y,English,USA,7.0,97100.0,69320180.0,1,1,1,2020-08-14,1,0,0,0
movie_0084,Night Phoenix,Movie,Documentary,Crime,1998,114.0,PG,English,Germany,6.8,0.0,39250966.0,1,1,1,2023-09-08,1,0,1,0
movie_0085,Mission Secret,Stand-up Comedy,Crime,Crime,2009,44.0,TV-Y,Korean,USA,5.7,0.0,0.0,1,1,0,2024-05-03,1,0,1,1
movie_0086,Big Adventure,Documentary,Biography,Family,1998,68.0,G,English,UK,0.6,0.0,0.0,1,1,1,2024-07-11,0,0,1,1
movie_0087,Our Storm,Movie,Comedy,unknown,2010,38.0,PG-13,Italian,USA,6.6,0.0,0.0,1,1,0,2021-02-22,1,0,1,1
movie_0088,Journey Love,TV Series,Sport,unknown,1990,63.0,PG-13,English,Canada,7.2,0.0,0.0,4,79,0,2023-03-02,0,0,1,1
movie_0089,Mystery Day,Movie,Romance,unknown,2014,79.0,TV-Y7,Hindi,Japan,0.9,44425136.0,16348642.0,1,1,1,2021-06-07,1,0,0,0
movie_0090,Ice Kingdom,Documentary,Animation,Biography,2003,107.0,TV-PG,English,USA,8.7,0.0,0.0,1,1,0,2021-12-24,1,0,1,1
movie_0091,Dragon Ice,Documentary,Horror,unknown,1993,79.0,PG-13,English,Japan,4.7,0.0,0.0,1,1,1,2022-11-24,0,0,1,1
movie_0092,Story Kingdom,TV Series,War,unknown,1991,35.0,PG,English,UK,8.8,0.0,0.0,14,62,0,2024-04-23,0,0,1,1
movie_0093,City Queen,Movie,History,Biography,2020,101.0,R,English,USA,9.7,0.0,41795066.0,1,1,1,2024-03-31,0,0,1,0
movie_0094,Dark City,Stand-up Comedy,Western,Western,1993,68.0,TV-Y7,English,USA,5.3,0.0,0.0,1,1,0,2021-08-03,0,0,1,1
movie_0095,Legend Storm,TV Series,Fantasy,unknown,2003,32.0,TV-MA,English,USA,3.6,0.0,0.0,9,76,1,2025-05-06,0,0,1,1
movie_0096,King Fire,Movie,Action,unknown,2018,105.0,G,English,UK,4.5,8939550.0,4931077.0,1,1,0,2024-06-22,1,0,0,0
movie_0097,Secret War,Movie,Fantasy,unknown,2001,102.0,TV-Y,Hindi,Canada,3.1,2137471.0,36710118.0,1,1,0,2021-05-15,0,0,0,0
movie_0098,A War,Stand-up Comedy,Adventure,unknown,2001,77.0,PG-13,English,USA,6.4,0.0,0.0,1,1,1,2022-07-27,0,0,1,1
movie_0099,Dragon Day,Documentary,Western,unknown,2021,110.0,PG,English,UK,8.3,0.0,0.0,1,1,0,2021-07-06,1,0,1,1
movie_0100,Adventure Dream,Movie,Fantasy,unknown,1996,99.0,TV-G,English,Canada,6.0,8590064.0,0.0,1,1,0,2024-07-30,0,0,0,1
movie_0101,King House,TV Series,Animation,unknown,2008,45.0,TV-MA,English,South Korea,6.9,0.0,0.0,3,96,0,2025-07-19,0,0,1,1
movie_0102,Fire War,TV Series,Comedy,Sci-Fi,2003,32.0,TV-14,Italian,South Korea,5.1,0.0,0.0,6,74,0,2023-08-17,1,0,1,1
movie_0103,Family Battle,Stand-up Comedy,Sci-Fi,Action,2017,52.0,NC-17,Italian,France,8.2,0.0,0.0,1,1,0,2024-04-16,0,0,1,1
movie_0104,Mystery Mystery,Movie,War,Fantasy,2001,107.0,TV-Y,English,South Korea,6.4,0.0,13208249.0,1,1,0,2024-11-24,0,1,1,0
movie_0105,Adventure House,Movie,Animation,Adventure,1992,109.0,TV-MA,Korean,USA,6.3,1354517.0,3059547.0,1,1,1,2023-09-28,0,0,0,0
movie_0106,Dragon Night,Documentary,Animation,Family,1991,89.0,NC-17,Spanish,South Korea,7.3,0.0,0.0,1,1,0,2020-08-25,1,0,1,1
movie_0107,Love Kingdom,Documentary,Biography,unknown,2014,87.0,TV-MA,English,UK,6.1,0.0,0.0,1,1,0,2023-03-02,1,0,1,1
movie_0108,First Phoenix,Movie,Fantasy,unknown,2000,128.0,TV-G,Italian,USA,7.8,747506.0,151826737.0,1,1,0,2021-03-14,1,0,0,0
movie_0109,Family Story,Movie,War,unknown,2023,119.0,PG-13,English,USA,6.5,2792744.0,194859508.0,1,1,0,2022-12-24,0,0,0,0
movie_0110,Queen Day,Movie,Comedy,Adventure,1998,122.0,NC-17,English,USA,5.5,3551286.0,0.0,1,1,1,2022-06-03,0,0,0,1
movie_0111,Kingdom Mission,Movie,Sport,unknown,1995,106.0,TV-Y7,English,USA,6.4,770163.0,3222643.0,1,1,0,2021-03-12,1,1,0,0
movie_0112,King Princess,TV Series,Music,Biography,1991,69.0,R,English,USA,6.4,0.0,0.0,2,103,1,2022-01-22,0,1,1,1
movie_0113,A Quest,Movie,History,unknown,2022,110.0,PG-13,French,Germany,5.9,845349.0,4568753.0,1,1,0,2020-12-09,1,0,0,0
movie_0114,Journey King,TV Series,Animation,Mystery,2008,46.0,TV-PG,English,India,9.7,0.0,0.0,9,48,0,2022-10-24,0,0,1,1
movie_0115,War Dragon,Movie,Crime,unknown,2021,69.0,NC-17,English,USA,6.0,18860431.0,57338013.0,1,1,1,2021-04-09,0,0,0,0
movie_0116,Secret Story,Documentary,Biography,Documentary,1990,134.0,TV-14,French,France,4.7,0.0,0.0,1,1,0,2024-02-27,1,0,1,1
movie_0117,Little Dragon,Movie,Family,unknown,2013,109.0,R,English,USA,5.2,794995.0,24268353.0,1,1,1,2022-04-27,1,0,0,0
movie_0118,Hero Love,Documentary,Sport,unknown,2014,96.0,TV-14,English,USA,6.4,0.0,0.0,1,1,0,2021-07-14,0,1,1,1
movie_0119,Little Warrior,Documentary,Action,Adventure,2019,98.0,G,Hindi,South Korea,8.5,0.0,0.0,1,1,0,2025-07-26,1,0,1,1
movie_0120,Last Mission,Movie,Mystery,Comedy,2022,152.0,TV-Y,English,USA,5.2,0.0,22144747.0,1,1,0,2024-04-21,0,0,1,0
movie_0121,Last Dream,Movie,Mystery,unknown,2004,113.0,G,English,USA,6.1,1666756.0,0.0,1,1,0,2022-09-09,0,0,0,1
movie_0122,Little Queen,Movie,History,unknown,2019,125.0,TV-MA,English,USA,3.9,9321651.0,5551808.0,1,1,0,2024-08-01,0,0,0,0
movie_0123,Family Fire,Movie,Documentary,History,2008,109.0,R,English,USA,4.5,556402.0,8920240.0,1,1,1,2023-04-03,0,0,0,0
movie_0124,Bright House,TV Series,Comedy,unknown,2003,38.0,TV-Y,English,USA,6.6,0.0,0.0,12,14,1,2024-01-14,0,0,1,1
movie_0125,Our Queen,Movie,Western,Music,2010,105.0,PG,English,Canada,5.0,16341730.0,39189864.0,1,1,1,2022-01-10,0,0,0,0
movie_0126,Journey Princess,Movie,Sci-Fi,Biography,2003,125.0,TV-MA,Spanish,USA,7.4,26713214.0,5582578.0,1,1,0,2022-12-29,0,0,0,0
movie_0127,Dragon Quest,Documentary,Music,Drama,2016,85.0,PG,English,USA,4.4,0.0,0.0,1,1,0,2024-12-22,0,0,1,1
movie_0128,A Quest,Limited Series,History,unknown,2008,58.0,NC-17,English,Canada,4.9,0.0,0.0,2,153,0,2022-03-29,0,0,1,1
movie_0129,Mission Fire,Stand-up Comedy,Sci-Fi,Crime,2000,36.0,TV-Y7,English,USA,6.4,0.0,0.0,1,1,1,2023-10-10,0,1,1,1
movie_0130,Last House,Movie,Action,unknown,1990,36.0,NC-17,English,Japan,6.4,10949397.0,45443003.0,1,1,0,2020-11-19,0,0,0,0
movie_0131,Story Mystery,Movie,Sci-Fi,unknown,2024,115.0,TV-Y7,English,USA,6.4,31998338.0,4303498.0,1,1,1,2025-04-25,0,0,0,0
movie_0132,Dragon War,Documentary,Comedy,unknown,2022,95.0,TV-PG,Spanish,Japan,7.7,0.0,0.0,1,1,0,2021-01-12,0,0,1,1
movie_0133,Adventure Princess,Movie,Family,unknown,1993,97.0,R,English,USA,7.8,9889659.0,36933865.0,1,1,0,2021-12-12,0,0,0,0
movie_0134,Story Night,Stand-up Comedy,Adventure,Animation,1999,52.0,PG,Spanish,France,7.3,0.0,0.0,1,1,0,2023-08-24,0,0,1,1
movie_0135,Princess House,Movie,Western,unknown,2016,73.0,TV-G,Japanese,USA,5.3,0.0,196392638.0,1,1,0,2023-08-10,0,0,1,0
movie_0136,First House,Documentary,Adventure,unknown,2001,404.0,NC-17,English,Canada,1.0,0.0,0.0,1,1,0,2023-05-25,0,0,1,1
movie_0137,First Mission,Movie,History,unknown,2023,106.0,TV-Y7,English,USA,7.6,992285.0,84883879.0,1,1,0,2020-12-26,0,0,0,0
movie_0138,Kingdom Fire,Movie,Biography,Comedy,2024,118.0,PG,English,Canada,5.6,2785266.0,20178073.0,1,1,0,2023-05-29,0,0,0,0
movie_0139,Last War,Limited Series,Mystery,unknown,1993,23.0,TV-G,English,USA,4.4,0.0,0.0,2,102,0,2024-05-05,0,0,1,1
movie_0140,City Empire,Documentary,Sport,unknown,2023,19.0,TV-14,English,France,5.6,0.0,0.0,1,1,0,2025-06-20,0,0,1,1
movie_0141,War Story,Movie,Action,Crime,1990,96.0,PG,Korean,Japan,3.9,0.0,351613.0,1,1,0,2024-10-30,1,0,1,0
movie_0142,Battle Secret,Limited Series,Western,unknown,2018,71.0,TV-Y7,English,UK,6.4,0.0,0.0,14,169,0,2021-02-26,1,1,1,1
movie_0143,Adventure Fire,Movie,Biography,unknown,2006,143.0,NC-17,German,Germany,5.0,792013.0,5298432.0,1,1,1,2022-12-28,0,0,0,0
movie_0144,Our Dream,TV Series,Comedy,unknown,2013,37.0,TV-14,Korean,India,9.4,0.0,0.0,11,42,1,2020-12-07,0,0,1,1
movie_0145,Fire Empire,TV Series,Thriller,Sci-Fi,1990,40.0,G,English,UK,8.4,0.0,0.0,10,197,1,2024-03-09,0,0,1,1
movie_0146,Bright Love,Movie,War,unknown,2014,79.0,PG-13,English,USA,4.4,0.0,0.0,1,1,0,2024-11-22,0,0,1,1
movie_0147,Dark Love,Documentary,Action,unknown,1996,34.0,G,Japanese,UK,3.9,0.0,0.0,1,1,0,2023-02-11,0,0,1,1
movie_0148,War Storm,TV Series,Mystery,unknown,1997,66.0,TV-Y7,Spanish,USA,8.9,0.0,0.0,1,101,1,2022-07-29,0,0,1,1
movie_0149,The Fire,Documentary,Action,unknown,2000,364.0,TV-PG,Spanish,USA,3.0,0.0,0.0,1,1,0,2023-09-12,0,0,1,1
movie_0150,Story Fire,Movie,Adventure,Sport,2013,157.0,TV-14,English,Japan,8.1,28183154.0,26250908.0,1,1,0,2022-12-26,1,0,0,0
movie_0151,Night Love,Movie,Animation,unknown,2005,98.0,TV-Y,English,South Korea,6.2,5071451.0,235899.0,1,1,0,2022-12-11,0,0,0,0
movie_0152,Fire Quest,Movie,Documentary,Sport,1991,104.0,TV-MA,Hindi,USA,3.6,0.0,0.0,1,1,0,2020-10-13,0,0,1,1
movie_0153,Phoenix Dragon,Movie,Animation,unknown,2007,148.0,NC-17,Spanish,USA,7.8,1445488.0,0.0,1,1,1,2024-01-30,0,0,0,1
movie_0154,Bright Phoenix,TV Series,Sci-Fi,unknown,1998,19.0,TV-Y,Italian,UK,5.0,0.0,0.0,14,187,1,2024-01-15,0,0,1,1
movie_0155,Dream Battle,Movie,Romance,unknown,2005,140.0,TV-Y7,English,USA,6.5,0.0,10889136.0,1,1,0,2025-07-01,0,0,1,0
movie_0156,An Ice,Movie,History,Thriller,2019,111.0,TV-14,English,France,6.0,19903417.0,10427828.0,1,1,1,2023-07-16,0,0,0,0
movie_0157,Last Ice,Documentary,Sport,unknown,2001,77.0,R,German,USA,10.0,0.0,0.0,1,1,0,2022-02-15,0,0,1,1
movie_0158,Storm Princess,Documentary,War,unknown,2019,110.0,R,English,USA,6.4,0.0,0.0,1,1,0,2022-02-27,1,1,1,1
movie_0159,Battle Family,Movie,Drama,Mystery,2001,121.0,NC-17,Korean,India,7.7,6129856.0,6244192.0,1,1,0,2023-01-23,0,0,0,0
movie_0160,Love Journey,Movie,Comedy,unknown,2016,10.0,R,Italian,Canada,6.6,9355608.0,738634327.0,1,1,0,2023-08-19,0,0,0,0
movie_0161,Our King,Movie,Western,unknown,1993,97.0,TV-Y,English,Germany,6.5,3405303.0,894261.0,1,1,0,2021-02-20,0,0,0,0
movie_0162,Day Fire,TV Series,Animation,Sci-Fi,2005,40.0,TV-PG,Spanish,South Korea,5.8,0.0,0.0,5,111,0,2021-08-23,0,0,1,1
movie_0163,Bright War,Movie,Comedy,unknown,2015,85.0,TV-PG,English,USA,5.7,503735.0,58761541.0,1,1,0,2021-01-10,1,0,0,0
movie_0164,Quest Ice,Movie,Romance,Western,1995,111.0,TV-14,English,USA,6.4,2398917.0,35707634.0,1,1,0,2021-01-13,0,1,0,0
movie_0165,Bright Day,Movie,Action,Sci-Fi,2018,91.0,G,English,Germany,7.6,456624.0,82210.0,1,1,0,2023-11-21,0,0,0,0
movie_0166,Mystery Princess,TV Series,Western,unknown,2012,66.0,TV-G,English,USA,3.3,0.0,0.0,10,54,1,2024-02-03,0,0,1,1
movie_0167,Battle Night,TV Series,Adventure,unknown,2010,37.0,TV-MA,Italian,USA,6.4,0.0,0.0,9,178,0,2021-06-26,0,1,1,1
movie_0168,Love Love,Movie,Crime,Mystery,1997,103.0,G,English,USA,6.9,5781768.0,0.0,1,1,1,2023-02-13,0,0,0,1
movie_0169,Storm Day,TV Series,Western,unknown,1998,53.0,TV-PG,English,Canada,6.9,0.0,0.0,13,81,0,2025-01-20,0,0,1,1
movie_0170,Phoenix Love,Movie,Horror,unknown,1997,537.0,R,English,South Korea,6.1,431570.0,6675003.0,1,1,0,2024-03-10,1,0,0,0
movie_0171,Dream Warrior,Movie,Biography,unknown,1994,110.0,TV-14,English,USA,1.4,3768477.0,11316045.0,1,1,0,2021-05-21,0,0,0,0
movie_0172,My Story,Movie,Horror,unknown,1993,94.0,TV-Y,Spanish,USA,10.0,5064920.0,11553135.0,1,1,0,2023-09-10,0,0,0,0
movie_0173,Little Dragon,Stand-up Comedy,Sci-Fi,History,2002,58.0,TV-Y,Hindi,Canada,7.2,0.0,0.0,1,1,1,2022-02-04,0,0,1,1
movie_0174,City Battle,TV Series,Thriller,unknown,2020,50.0,TV-Y7,Spanish,France,6.4,0.0,0.0,7,78,0,2023-11-06,0,1,1,1
movie_0175,Fire Day,Movie,Fantasy,unknown,2002,137.0,TV-G,German,USA,8.9,365831.0,0.0,1,1,1,2023-07-13,0,0,0,1
movie_0176,Dream City,TV Series,Documentary,unknown,2008,39.0,TV-Y7,French,USA,4.4,0.0,0.0,10,116,1,2022-09-02,0,0,1,1
movie_0177,Fire Princess,Movie,Drama,unknown,2022,99.0,PG,Italian,USA,9.1,197326642.0,5829409.0,1,1,1,2024-09-21,0,0,0,0
movie_0178,Our Princess,TV Series,Animation,unknown,2002,55.0,G,English,South Korea,5.6,0.0,0.0,1,6,0,2023-11-30,0,0,1,1
movie_0179,Battle Empire,TV Series,Documentary,unknown,2014,41.0,TV-PG,Spanish,UK,0.8,0.0,0.0,6,20,1,2023-03-30,0,0,1,1
movie_0180,Story Queen,TV Series,Action,unknown,2010,26.0,G,English,USA,6.5,0.0,0.0,1,159,0,2020-11-18,0,0,1,1
movie_0181,Phoenix Hero,TV Series,Crime,unknown,2020,43.0,G,English,UK,7.4,0.0,0.0,4,134,0,2023-09-22,0,0,1,1
movie_0182,Mystery Adventure,Movie,Thriller,unknown,1990,125.0,TV-14,English,USA,5.7,5738797.0,1406285.0,1,1,0,2024-10-09,0,0,0,0
movie_0183,House Phoenix,TV Series,Music,Romance,1999,42.0,G,English,USA,6.4,0.0,0.0,14,85,1,2024-05-04,0,1,1,1
movie_0184,Legend House,Documentary,Documentary,unknown,2000,84.0,PG-13,English,USA,7.3,0.0,0.0,1,1,1,2021-06-26,0,0,1,1
movie_0185,King Ice,Documentary,History,unknown,2020,83.0,TV-G,English,USA,7.4,0.0,0.0,1,1,0,2023-04-29,0,0,1,1
movie_0186,Old House,TV Series,Comedy,unknown,1999,70.0,TV-G,English,USA,6.4,0.0,0.0,9,151,0,2024-03-08,1,1,1,1
movie_0187,First Journey,Documentary,Crime,unknown,2012,102.0,TV-Y,English,South Korea,8.2,0.0,0.0,1,1,0,2024-02-07,0,0,1,1
movie_0188,Our Hero,Movie,Comedy,unknown,1998,111.0,TV-PG,English,USA,9.3,6199801.0,15193445.0,1,1,0,2022-09-12,0,0,0,0
movie_0189,Family Mission,Movie,Documentary,unknown,1993,85.0,TV-MA,Japanese,USA,5.8,593000.0,99504513.0,1,1,0,2020-10-10,0,0,0,0
movie_0190,Princess Night,Documentary,Fantasy,unknown,2010,94.0,TV-MA,English,USA,6.0,0.0,0.0,1,1,1,2020-11-19,1,0,1,1
movie_0191,War Kingdom,Stand-up Comedy,Adventure,unknown,2006,36.0,G,English,USA,5.5,0.0,0.0,1,1,0,2022-07-12,0,0,1,1
movie_0192,Family Queen,Movie,Comedy,Horror,2021,127.0,PG,Korean,Canada,6.1,52114579.0,24037884.0,1,1,0,2020-09-10,0,0,0,0
movie_0193,Love Story,Movie,Animation,unknown,2002,53.0,TV-MA,English,India,4.3,5819919.0,20052531.0,1,1,1,2023-01-24,0,0,0,0
movie_0194,The Phoenix,Movie,Western,unknown,2016,153.0,PG,German,USA,5.9,7058434.0,11893984.0,1,1,0,2022-12-03,0,0,0,0
movie_0195,New Phoenix,Limited Series,Music,unknown,1996,18.0,NC-17,Korean,Canada,6.4,0.0,0.0,6,151,0,2022-06-15,0,0,1,1
movie_0196,Legend Mission,Movie,Mystery,unknown,2014,69.0,TV-Y,Korean,Japan,4.3,5542251.0,1949871.0,1,1,0,2022-10-21,0,0,0,0
movie_0197,Adventure War,Documentary,History,Biography,1998,78.0,TV-MA,French,South Korea,7.3,0.0,0.0,1,1,1,2021-10-04,0,0,1,1
movie_0198,Phoenix Family,TV Series,Sport,unknown,2007,48.0,TV-PG,Hindi,USA,4.9,0.0,0.0,6,141,1,2023-01-02,0,0,1,1
movie_0199,A Love,TV Series,Music,unknown,1992,23.0,TV-Y7,English,India,8.3,0.0,0.0,3,53,0,2020-08-30,0,0,1,1
movie_0200,Legend Secret,TV Series,Drama,unknown,2002,10.0,NC-17,English,USA,4.6,0.0,0.0,14,79,0,2024-10-15,0,0,1,1
movie_0201,Secret Battle,Movie,Adventure,unknown,2012,142.0,R,English,USA,5.6,573288.0,0.0,1,1,0,2022-05-27,1,0,0,1
movie_0202,City Empire,Stand-up Comedy,Horror,Adventure,1961,47.0,TV-14,Spanish,France,6.1,0.0,0.0,1,1,0,2020-11-30,0,0,1,1
movie_0203,First Journey,Documentary,Action,Family,2008,87.0,TV-PG,English,Canada,6.4,0.0,0.0,1,1,1,2023-01-19,0,1,1,1
movie_0204,My Quest,Movie,Action,unknown,1998,100.0,TV-14,English,UK,5.3,1055495.0,1732903.0,1,1,0,2023-04-24,1,0,0,0
movie_0205,Adventure Legend,TV Series,Drama,Adventure,2021,73.0,R,Japanese,USA,6.5,0.0,0.0,2,109,0,2020-11-18,0,0,1,1
movie_0206,Big Dragon,TV Series,Romance,unknown,2003,50.0,PG-13,English,Canada,6.0,0.0,0.0,9,97,0,2023-04-13,0,0,1,1
movie_0207,Family Ice,TV Series,Sport,Mystery,1992,34.0,R,English,USA,7.5,0.0,0.0,8,15,1,2020-08-02,1,0,1,1
movie_0208,The Story,Movie,Thriller,unknown,1993,109.0,R,Spanish,USA,7.4,5539041.0,0.0,1,1,1,2021-04-28,0,0,0,1
movie_0209,King Dragon,TV Series,History,unknown,2023,44.0,TV-G,English,USA,6.2,0.0,0.0,9,89,1,2022-06-16,1,0,1,1
movie_0210,Princess Kingdom,Movie,Sport,unknown,2018,83.0,TV-14,German,Canada,2.7,2206961.0,0.0,1,1,0,2022-02-15,0,0,0,1
movie_0211,Kingdom Princess,TV Series,Romance,unknown,1998,39.0,PG-13,Italian,USA,6.1,0.0,0.0,2,97,0,2022-04-12,0,0,1,1
movie_0212,Story King,Stand-up Comedy,War,unknown,2011,33.0,TV-Y,Hindi,UK,8.0,0.0,0.0,1,1,0,2022-12-08,0,0,1,1
movie_0213,Queen House,TV Series,Fantasy,unknown,2015,44.0,PG,English,Canada,7.9,0.0,0.0,10,115,1,2025-03-15,0,0,1,1
movie_0214,Last Dragon,Stand-up Comedy,Animation,Comedy,1966,47.0,TV-Y7,English,USA,4.3,0.0,0.0,1,1,0,2024-11-12,0,0,1,1
movie_0215,City Warrior,Movie,Western,unknown,2008,135.0,NC-17,English,USA,6.8,10268769.0,1769234.0,1,1,0,2024-02-24,0,0,0,0
movie_0216,Day City,Documentary,Action,unknown,1993,85.0,G,Spanish,South Korea,8.5,0.0,0.0,1,1,0,2024-03-02,0,0,1,1
movie_0217,Quest Secret,Movie,Drama,unknown,2008,93.0,TV-G,English,UK,6.9,1331293.0,136118745.0,1,1,0,2024-10-25,0,0,0,0
movie_0218,Journey Mission,Movie,Action,Documentary,1995,93.0,NC-17,English,India,6.2,8955476.0,5873907.0,1,1,0,2020-12-19,0,0,0,0
movie_0219,Bright Adventure,Movie,Comedy,unknown,2021,102.0,NC-17,English,Canada,7.1,1852812.0,323259.0,1,1,1,2025-03-09,0,0,0,0
movie_0220,An War,TV Series,Comedy,History,2009,47.0,TV-MA,French,Germany,8.1,0.0,0.0,9,40,0,2022-02-21,0,0,1,1
movie_0221,Empire Kingdom,Documentary,Crime,unknown,2016,46.0,TV-PG,English,USA,8.7,0.0,0.0,1,1,0,2021-06-25,0,0,1,1
movie_0222,Battle Phoenix,TV Series,Western,Drama,1994,329.0,TV-MA,Japanese,USA,6.4,0.0,0.0,11,153,0,2020-10-30,0,1,1,1
movie_0223,Story Phoenix,TV Series,History,unknown,2006,50.0,TV-G,Hindi,USA,6.3,0.0,0.0,1,156,0,2020-10-22,0,0,1,1
movie_0224,The Princess,TV Series,Drama,unknown,1994,62.0,R,German,USA,6.4,0.0,0.0,2,43,0,2021-05-12,0,1,1,1
movie_0225,Our Family,Movie,Adventure,Drama,1994,119.0,PG-13,Spanish,India,7.4,13813223.0,0.0,1,1,1,2023-05-16,0,0,0,1
movie_0226,A Dream,Stand-up Comedy,Western,unknown,1998,67.0,TV-MA,English,USA,5.7,0.0,0.0,1,1,0,2022-03-23,0,0,1,1
movie_0227,Last Storm,Stand-up Comedy,Family,unknown,2012,59.0,G,English,USA,6.8,0.0,0.0,1,1,0,2023-08-14,0,0,1,1
movie_0228,City Family,Movie,Family,unknown,2015,144.0,TV-G,Korean,UK,6.4,951503.0,8854233.0,1,1,0,2023-06-04,1,0,0,0
movie_0229,Last Secret,Movie,Drama,unknown,2003,115.0,PG-13,English,India,6.1,2856217.0,7370946.0,1,1,0,2024-03-04,0,0,0,0
movie_0230,Kingdom King,Movie,Biography,unknown,2005,491.0,TV-14,Spanish,USA,7.2,7047373.0,7555541.0,1,1,0,2021-06-04,0,0,0,0
movie_0231,Storm Quest,Limited Series,Mystery,unknown,2020,36.0,TV-Y,German,South Korea,7.5,0.0,0.0,10,88,0,2025-06-19,0,0,1,1
movie_0232,Kingdom War,TV Series,Sci-Fi,unknown,2023,38.0,R,English,USA,5.5,0.0,0.0,14,42,0,2023-12-01,0,0,1,1
movie_0233,Storm Ice,Movie,History,War,2020,131.0,PG,English,USA,7.1,0.0,5648567.0,1,1,0,2021-07-31,0,0,1,0
movie_0234,An Fire,TV Series,Horror,Music,1991,58.0,TV-Y7,Japanese,South Korea,8.5,0.0,0.0,1,178,0,2021-01-11,0,0,1,1
movie_0235,Empire Story,Limited Series,Crime,Action,2011,45.0,G,English,USA,3.7,0.0,0.0,10,18,0,2022-03-06,0,0,1,1
movie_0236,Queen Warrior,Stand-up Comedy,Action,Animation,2006,81.0,TV-14,English,Canada,6.4,0.0,0.0,1,1,0,2024-08-22,0,1,1,1
movie_0237,Legend Warrior,TV Series,Animation,unknown,2002,24.0,PG-13,English,Japan,6.4,0.0,0.0,8,82,0,2020-09-30,0,1,1,1
movie_0238,Bright Journey,TV Series,Adventure,unknown,2011,46.0,PG-13,Korean,USA,8.7,0.0,0.0,4,133,0,2022-02-03,0,0,1,1
movie_0239,Kingdom Dream,Documentary,Sci-Fi,Drama,2015,79.0,G,Italian,USA,5.7,0.0,0.0,1,1,0,2022-10-17,0,0,1,1
movie_0240,Last House,Movie,Drama,unknown,2022,152.0,NC-17,French,USA,6.4,0.0,38401267.0,1,1,0,2024-12-02,0,1,1,0
movie_0241,Dark Ice,TV Series,War,unknown,2003,13.0,TV-14,Japanese,USA,4.9,0.0,0.0,10,90,0,2022-06-22,0,0,1,1
movie_0242,Mission Storm,Documentary,Sci-Fi,unknown,2022,56.0,TV-14,English,USA,6.9,0.0,0.0,1,1,1,2021-06-16,0,0,1,1
movie_0243,New Quest,Movie,Comedy,unknown,1997,147.0,TV-MA,Italian,USA,6.9,1340534.0,7497976.0,1,1,1,2022-12-11,0,0,0,0
movie_0244,Little City,Movie,History,unknown,2005,563.0,TV-G,English,USA,5.0,2185872.0,141933150.0,1,1,0,2020-12-25,0,0,0,0
movie_0245,Night King,Movie,Mystery,Comedy,2010,81.0,TV-Y7,German,USA,5.5,0.0,0.0,1,1,0,2024-05-28,0,0,1,1
movie_0246,Empire Adventure,Documentary,Documentary,unknown,2001,71.0,NC-17,English,UK,1.2,0.0,0.0,1,1,0,2022-10-12,0,0,1,1
movie_0247,Bright Princess,Documentary,Documentary,unknown,2014,84.0,TV-PG,English,France,6.4,0.0,0.0,1,1,0,2022-07-16,1,0,1,1
movie_0248,Love Storm,TV Series,Mystery,unknown,2002,17.0,TV-PG,Spanish,Japan,7.0,0.0,0.0,3,39,0,2024-02-13,0,0,1,1
movie_0249,City Storm,Documentary,War,Action,2009,67.0,TV-14,Hindi,USA,6.5,0.0,0.0,1,1,0,2025-07-14,0,0,1,1
movie_0250,First Ice,Limited Series,Sci-Fi,Mystery,2002,21.0,G,English,USA,2.6,0.0,0.0,5,170,0,2024-07-24,1,0,1,1
movie_0251,Queen Mystery,Limited Series,Comedy,unknown,2013,0.0,TV-G,English,South Korea,6.4,0.0,0.0,2,24,0,2021-01-16,0,1,1,1
movie_0252,My Quest,Movie,Romance,unknown,1995,140.0,TV-14,Spanish,USA,6.2,135680978.0,164970469.0,1,1,0,2020-10-12,0,0,0,0
movie_0253,City Queen,Documentary,Fantasy,unknown,2013,99.0,TV-G,Spanish,USA,6.4,0.0,0.0,1,1,1,2020-11-04,1,1,1,1
movie_0254,Empire Mystery,TV Series,Drama,unknown,2024,38.0,TV-14,English,Japan,7.1,0.0,0.0,3,84,0,2021-09-19,0,0,1,1
movie_0255,Dark Legend,Movie,Animation,Sport,2024,127.0,R,Hindi,USA,3.4,247987.0,11671074.0,1,1,0,2023-02-21,1,0,0,0
movie_0256,Kingdom War,Stand-up Comedy,Thriller,unknown,2007,71.0,TV-14,English,USA,6.4,0.0,0.0,1,1,0,2025-03-07,1,1,1,1
movie_0257,Dragon King,Movie,History,unknown,2001,109.0,PG-13,English,Japan,6.6,3393573.0,40319055.0,1,1,1,2022-07-25,0,0,0,0
movie_0258,Adventure Love,Movie,Music,unknown,2009,161.0,TV-PG,English,USA,8.8,1206373.0,0.0,1,1,0,2021-10-29,0,0,0,1
movie_0259,Princess Warrior,Movie,Crime,unknown,2004,114.0,TV-Y7,English,Canada,6.9,702469.0,25878525.0,1,1,1,2022-02-03,0,0,0,0
movie_0260,Love Love,Stand-up Comedy,Action,unknown,2018,55.0,PG-13,French,USA,4.7,0.0,0.0,1,1,0,2023-04-29,0,0,1,1
movie_0261,Hero Dream,Movie,Biography,Crime,2013,88.0,G,Italian,USA,9.1,169741881.0,0.0,1,1,0,2025-04-11,1,0,0,1
movie_0262,House Secret,Movie,Sport,unknown,2020,127.0,TV-G,English,USA,4.8,0.0,5863373.0,1,1,0,2023-02-02,0,0,1,0
movie_0263,Big Ice,Movie,Music,Western,1994,93.0,TV-MA,Hindi,South Korea,6.4,3501146.0,1126300.0,1,1,1,2023-06-25,0,1,0,0
movie_0264,Our Queen,Movie,Biography,Drama,2013,121.0,PG,English,South Korea,8.4,8714072.0,35270961.0,1,1,0,2022-09-26,0,0,0,0
movie_0265,Warrior Fire,Movie,Western,unknown,1994,98.0,G,English,USA,4.5,21557530.0,6020161.0,1,1,0,2020-10-07,0,0,0,0
movie_0266,Ice Fire,TV Series,Romance,Family,2005,59.0,TV-MA,English,Germany,4.1,0.0,0.0,12,136,0,2025-05-31,0,0,1,1
movie_0267,Our War,Stand-up Comedy,Animation,unknown,2024,51.0,PG,Japanese,South Korea,8.3,0.0,0.0,1,1,0,2021-03-22,0,0,1,1
movie_0268,Quest Empire,Movie,Comedy,unknown,2022,120.0,G,English,Japan,6.7,11481343.0,727483.0,1,1,0,2025-01-20,0,0,0,0
movie_0269,Secret Mystery,Documentary,Drama,unknown,2012,74.0,PG-13,Italian,UK,9.8,0.0,0.0,1,1,0,2024-10-25,0,0,1,1
movie_0270,Secret Ice,Movie,Romance,unknown,2020,152.0,TV-G,English,UK,0.9,389524.0,492518.0,1,1,0,2022-11-01,1,0,0,0
movie_0271,Our Mission,TV Series,Music,War,2013,66.0,PG-13,French,Japan,7.3,0.0,0.0,1,78,1,2020-12-04,1,0,1,1
movie_0272,Day Fire,Movie,Family,unknown,2024,127.0,TV-Y,English,South Korea,6.9,4158763.0,214080071.0,1,1,0,2021-12-20,1,0,0,0
movie_0273,New Adventure,Stand-up Comedy,Adventure,unknown,2003,54.0,TV-Y7,Italian,UK,6.1,0.0,0.0,1,1,0,2024-09-09,0,0,1,1
movie_0274,Story Phoenix,Stand-up Comedy,Horror,unknown,1996,51.0,NC-17,Korean,USA,6.8,0.0,0.0,1,1,1,2024-11-11,0,0,1,1
movie_0275,Night City,Stand-up Comedy,Drama,unknown,2007,67.0,TV-MA,English,USA,6.6,0.0,0.0,1,1,0,2025-05-09,0,0,1,1
movie_0276,Dark Storm,TV Series,Family,unknown,1991,24.0,TV-Y,English,India,1.7,0.0,0.0,7,106,0,2022-02-23,0,0,1,1
movie_0277,An Empire,TV Series,Adventure,unknown,1991,25.0,PG,English,USA,4.9,0.0,0.0,12,183,1,2025-04-04,0,0,1,1
movie_0278,Dragon Storm,TV Series,Documentary,unknown,2023,63.0,TV-MA,Hindi,USA,6.6,0.0,0.0,9,50,0,2024-06-09,0,0,1,1
movie_0279,My Adventure,TV Series,War,Sport,2011,53.0,TV-Y,English,USA,6.6,0.0,0.0,13,77,0,2022-06-21,1,0,1,1
movie_0280,Legend Story,Movie,Mystery,unknown,1995,100.0,TV-14,Italian,USA,6.7,4869656.0,523538611.0,1,1,0,2020-09-23,0,0,0,0
movie_0281,House Phoenix,Movie,Crime,unknown,2017,115.0,PG,English,USA,6.5,0.0,394055.0,1,1,0,2022-07-21,0,0,1,0
movie_0282,Secret Ice,Movie,Comedy,Drama,1997,90.0,TV-Y,English,USA,4.2,2199222.0,32143697.0,1,1,0,2024-03-05,1,0,0,0
movie_0283,Big Mission,Movie,History,unknown,2009,118.0,TV-Y7,Spanish,UK,6.1,1107126.0,0.0,1,1,1,2024-04-22,1,0,0,1
movie_0284,King Dragon,Movie,Romance,Western,1990,112.0,TV-14,English,USA,6.8,3329576.0,45321.0,1,1,1,2021-05-15,0,0,0,0
movie_0285,Dragon Dragon,Documentary,Horror,unknown,2024,85.0,PG,English,South Korea,6.4,0.0,0.0,1,1,0,2023-10-13,0,1,1,1
movie_0286,First Queen,Stand-up Comedy,Thriller,unknown,1995,63.0,TV-Y7,Spanish,Germany,7.3,0.0,0.0,1,1,0,2022-10-03,1,0,1,1
movie_0287,The Adventure,TV Series,Animation,unknown,1995,76.0,TV-Y7,Japanese,USA,2.7,0.0,0.0,1,199,0,2021-12-24,0,0,1,1
movie_0288,Mystery Adventure,Stand-up Comedy,Music,Sci-Fi,2005,66.0,PG,German,USA,5.8,0.0,0.0,1,1,1,2021-02-24,0,0,1,1
movie_0289,Love City,TV Series,Action,Adventure,2007,57.0,NC-17,English,Canada,8.2,0.0,0.0,12,75,0,2021-05-14,1,0,1,1
movie_0290,Dark City,Documentary,Animation,War,1992,84.0,TV-MA,English,Germany,5.9,0.0,0.0,1,1,0,2023-03-16,0,0,1,1
movie_0291,Princess War,Stand-up Comedy,Romance,unknown,2002,58.0,TV-G,English,USA,7.6,0.0,0.0,1,1,0,2024-11-06,0,0,1,1
movie_0292,Family Princess,Movie,Adventure,unknown,2000,67.0,G,English,France,8.4,0.0,35807632.0,1,1,0,2023-05-17,0,0,1,0
movie_0293,Quest Adventure,Movie,Adventure,unknown,2009,85.0,NC-17,English,Canada,7.0,6918517.0,13786456.0,1,1,0,2025-01-30,0,0,0,0
movie_0294,King Kingdom,Movie,Horror,Western,1999,118.0,TV-MA,English,Canada,8.5,3103842.0,1012901.0,1,1,0,2025-05-01,0,0,0,0
movie_0295,Little Dragon,TV Series,Fantasy,History,2011,50.0,G,English,USA,5.2,0.0,0.0,2,27,0,2020-11-06,0,0,1,1
movie_0296,Ice Mystery,Movie,Documentary,unknown,2011,102.0,PG,French,USA,7.5,2650811.0,0.0,1,1,0,2024-11-01,0,0,0,1
movie_0297,Secret Mission,Documentary,Thriller,unknown,1995,99.0,NC-17,English,USA,4.8,0.0,0.0,1,1,0,2022-11-02,0,0,1,1
movie_0298,City Dream,Movie,Adventure,unknown,2014,121.0,PG-13,Korean,USA,6.9,2411775.0,4770765.0,1,1,1,2021-02-08,0,0,0,0
movie_0299,Quest Mystery,TV Series,Biography,unknown,1986,36.0,R,French,Japan,7.4,0.0,0.0,3,54,1,2022-12-15,1,0,1,1
movie_0300,House War,Movie,Sci-Fi,unknown,2024,155.0,NC-17,English,USA,6.9,0.0,0.0,1,1,0,2021-02-25,0,0,1,1
movie_0301,Fire Battle,Movie,Horror,unknown,1991,108.0,TV-Y7,Japanese,USA,5.6,902788.0,27378941.0,1,1,0,2024-11-20,0,0,0,0
movie_0302,Bright Battle,Movie,Drama,unknown,1997,105.0,TV-MA,English,USA,6.4,5521994.0,0.0,1,1,0,2021-09-06,0,1,0,1
movie_0303,Quest Princess,Movie,History,Western,1990,132.0,TV-Y,Japanese,USA,6.3,27892159.0,12209704.0,1,1,0,2022-04-28,1,0,0,0
movie_0304,Dragon Warrior,Movie,History,Horror,2011,122.0,NC-17,Hindi,USA,6.3,13039164.0,51016239.0,1,1,1,2023-06-05,0,0,0,0
movie_0305,Legend House,Movie,Adventure,Fantasy,1984,113.0,TV-MA,English,Japan,6.4,0.0,53455628.0,1,1,1,2021-06-14,0,1,1,0
movie_0306,Warrior House,TV Series,Comedy,unknown,2009,45.0,G,English,UK,6.4,0.0,0.0,1,83,0,2021-10-02,0,1,1,1
movie_0307,Dark Ice,Stand-up Comedy,Crime,unknown,2023,48.0,TV-Y,Italian,India,10.0,0.0,0.0,1,1,0,2024-03-02,0,0,1,1
movie_0308,Old Dragon,Documentary,Western,unknown,2010,86.0,PG-13,Korean,Canada,3.2,0.0,0.0,1,1,0,2023-10-30,0,0,1,1
movie_0309,War Legend,Movie,Sci-Fi,unknown,2006,151.0,TV-PG,English,USA,7.3,809242.0,69363028.0,1,1,0,2023-11-03,1,0,0,0
movie_0310,Legend Ice,Limited Series,Family,War,2003,32.0,R,English,USA,6.3,0.0,0.0,14,86,0,2021-01-24,0,0,1,1
movie_0311,War Empire,Stand-up Comedy,Adventure,unknown,1993,72.0,TV-MA,English,USA,3.9,0.0,0.0,1,1,1,2023-01-16,0,0,1,1
movie_0312,King Legend,TV Series,Romance,unknown,2019,64.0,PG,English,UK,7.4,0.0,0.0,1,192,1,2022-11-24,1,0,1,1
movie_0313,Quest Love,TV Series,Adventure,War,2004,9.0,NC-17,English,Canada,0.5,0.0,0.0,1,124,0,2023-10-24,0,0,1,1
movie_0314,Adventure Princess,Movie,Sci-Fi,unknown,2023,113.0,PG,English,India,6.4,4061469.0,9300295.0,1,1,0,2024-11-01,0,1,0,0
movie_0315,Big Hero,Stand-up Comedy,Mystery,Fantasy,1997,51.0,R,English,Canada,7.9,0.0,0.0,1,1,1,2021-02-05,0,0,1,1
movie_0316,Mystery Kingdom,Movie,History,unknown,2018,119.0,NC-17,Hindi,USA,6.8,0.0,0.0,1,1,0,2024-03-25,0,0,1,1
movie_0317,Mystery Love,Movie,Drama,unknown,1996,87.0,TV-Y,French,South Korea,8.6,0.0,544577.0,1,1,1,2025-03-25,1,0,1,0
movie_0318,Mission Day,Movie,Crime,unknown,1994,117.0,TV-Y,English,USA,5.5,1807059.0,57074574.0,1,1,0,2021-05-12,0,0,0,0
movie_0319,My Journey,Movie,Crime,unknown,1990,121.0,TV-Y7,Japanese,South Korea,5.3,0.0,5454814.0,1,1,1,2021-04-06,1,0,1,0
movie_0320,Fire Queen,Movie,Documentary,unknown,1991,101.0,R,English,USA,5.3,9012419.0,0.0,1,1,0,2021-08-02,0,0,0,1
movie_0321,First Family,Stand-up Comedy,Comedy,unknown,2014,534.0,TV-MA,English,Germany,6.4,0.0,0.0,1,1,0,2024-03-24,1,1,1,1
movie_0322,Day Night,Movie,Western,unknown,2015,109.0,PG,Spanish,USA,6.2,18695365.0,255722052.0,1,1,1,2022-07-30,0,0,0,0
movie_0323,Little City,Movie,Adventure,Mystery,2011,145.0,NC-17,English,Canada,4.4,183679.0,150842229.0,1,1,0,2022-11-09,1,0,0,0
movie_0324,Phoenix Dragon,Documentary,Fantasy,unknown,1994,66.0,PG,English,Canada,6.9,0.0,0.0,1,1,0,2021-01-02,1,0,1,1
movie_0325,Dream Family,Stand-up Comedy,Sport,unknown,2011,64.0,TV-14,Hindi,Canada,4.8,0.0,0.0,1,1,0,2025-07-31,0,0,1,1
movie_0326,Our Queen,Movie,Family,unknown,2018,98.0,TV-MA,English,South Korea,4.8,0.0,0.0,1,1,0,2023-02-12,0,0,1,1
movie_0327,The Storm,TV Series,History,Drama,2005,48.0,G,English,USA,7.4,0.0,0.0,2,164,0,2021-10-05,0,0,1,1
movie_0328,Mystery Day,Documentary,Horror,Family,2024,46.0,TV-Y7,Italian,USA,9.3,0.0,0.0,1,1,0,2021-04-15,0,0,1,1
movie_0329,Battle Phoenix,Stand-up Comedy,Documentary,unknown,2021,49.0,TV-Y7,English,USA,6.6,0.0,0.0,1,1,0,2025-07-25,1,0,1,1
movie_0330,Legend King,Documentary,Biography,unknown,2010,71.0,PG,English,UK,9.5,0.0,0.0,1,1,0,2023-12-06,0,0,1,1
movie_0331,A Quest,TV Series,Family,unknown,2018,36.0,PG,Italian,UK,6.4,0.0,0.0,3,138,1,2020-12-01,0,1,1,1
movie_0332,Queen Dream,Stand-up Comedy,Fantasy,Crime,1997,75.0,TV-Y7,Spanish,USA,6.5,0.0,0.0,1,1,1,2023-07-11,0,0,1,1
movie_0333,The Dream,Movie,Action,unknown,2019,72.0,TV-14,Korean,USA,8.0,3004314.0,0.0,1,1,1,2020-11-09,0,0,0,1
movie_0334,Story Warrior,Limited Series,Comedy,unknown,1998,39.0,TV-14,Hindi,India,6.2,0.0,0.0,13,31,0,2022-10-31,0,0,1,1
movie_0335,Quest Mission,TV Series,Crime,unknown,2016,27.0,TV-14,Japanese,South Korea,6.4,0.0,0.0,1,149,0,2022-12-28,0,1,1,1
movie_0336,Queen Warrior,Movie,Comedy,unknown,2006,183.0,G,English,UK,7.8,1807604.0,71561859.0,1,1,1,2021-02-09,0,0,0,0
movie_0337,Storm Dream,TV Series,Documentary,unknown,2014,31.0,TV-Y7,French,USA,5.9,0.0,0.0,7,199,1,2024-08-12,0,0,1,1
movie_0338,Old Mission,Movie,Romance,Sci-Fi,2004,106.0,NC-17,English,Canada,4.7,262233.0,90979995.0,1,1,1,2022-01-24,0,0,0,0
movie_0339,Big Empire,Movie,Fantasy,Sport,1961,106.0,PG-13,Spanish,Japan,7.5,945058.0,0.0,1,1,0,2024-10-19,0,0,0,1
movie_0340,Mission Quest,Movie,Documentary,unknown,2010,124.0,TV-Y,English,USA,6.3,1398006.0,0.0,1,1,1,2020-12-14,0,0,0,1
movie_0341,Battle Ice,TV Series,Western,unknown,2005,64.0,NC-17,English,USA,6.3,0.0,0.0,1,8,0,2024-02-18,1,0,1,1
movie_0342,Adventure Story,Movie,Biography,unknown,2001,103.0,TV-Y7,English,USA,7.4,1502147.0,123063274.0,1,1,0,2023-07-03,0,0,0,0
movie_0343,Legend Mission,Movie,Animation,unknown,2022,119.0,PG-13,English,USA,6.4,0.0,42547797.0,1,1,0,2023-01-19,0,1,1,0
movie_0344,Mystery Fire,Movie,Thriller,unknown,2017,110.0,PG,English,South Korea,5.1,6458405.0,2367644.0,1,1,0,2022-09-26,1,0,0,0
movie_0345,Dark Secret,TV Series,Fantasy,unknown,2001,64.0,NC-17,English,USA,7.5,0.0,0.0,3,146,0,2023-02-19,0,0,1,1
movie_0346,House City,TV Series,Animation,Sci-Fi,2008,30.0,TV-PG,English,South Korea,6.6,0.0,0.0,2,50,0,2023-01-02,0,0,1,1
movie_0347,Story Warrior,TV Series,Comedy,Family,1996,51.0,NC-17,French,USA,4.9,0.0,0.0,9,168,1,2021-05-23,0,0,1,1
movie_0348,Quest Adventure,TV Series,Sport,Family,2024,43.0,TV-PG,Spanish,USA,6.4,0.0,0.0,13,123,1,2025-01-10,0,0,1,1
movie_0349,Fire King,Documentary,Romance,unknown,2018,101.0,PG,English,USA,7.3,0.0,0.0,1,1,0,2023-03-27,1,0,1,1
movie_0350,Dragon Hero,Movie,History,Family,2020,91.0,G,English,South Korea,8.0,16253067.0,0.0,1,1,0,2021-08-19,1,0,0,1
movie_0351,Family Story,TV Series,Family,unknown,2018,28.0,TV-Y,English,USA,6.4,0.0,0.0,2,191,1,2020-09-11,0,1,1,1
movie_0352,New Kingdom,Documentary,Thriller,unknown,2022,54.0,TV-Y,Japanese,USA,6.1,0.0,0.0,1,1,0,2024-03-23,0,0,1,1
movie_0353,Quest Hero,Limited Series,Action,Adventure,2009,437.0,NC-17,Italian,USA,5.5,0.0,0.0,7,19,0,2020-08-21,0,0,1,1
movie_0354,New Adventure,Documentary,Adventure,Thriller,2010,85.0,G,Spanish,USA,7.0,0.0,0.0,1,1,0,2021-01-20,0,0,1,1
movie_0355,Dream Dream,Limited Series,Family,Crime,2019,65.0,R,English,USA,5.9,0.0,0.0,4,177,0,2024-07-24,0,0,1,1
movie_0356,Love Empire,TV Series,Music,History,1999,43.0,TV-PG,Korean,USA,7.9,0.0,0.0,14,67,0,2023-07-28,0,0,1,1
movie_0357,Our Queen,Movie,Crime,unknown,2006,115.0,TV-Y,English,USA,6.6,1750267.0,0.0,1,1,0,2025-06-22,0,0,0,1
movie_0358,Legend Secret,TV Series,Drama,unknown,1992,37.0,TV-MA,English,Japan,9.0,0.0,0.0,4,148,0,2025-04-21,0,0,1,1
movie_0359,Quest Hero,Movie,Biography,unknown,1973,103.0,TV-14,Korean,USA,6.4,22962132.0,124272260.0,1,1,0,2025-06-13,1,1,0,0
movie_0360,Fire Night,TV Series,Comedy,Adventure,1953,52.0,TV-14,English,USA,4.0,0.0,0.0,2,116,0,2022-12-14,1,0,1,1
movie_0361,War Adventure,Movie,Drama,unknown,2022,22.0,TV-MA,English,USA,6.8,0.0,0.0,1,1,1,2022-06-04,0,0,1,1
movie_0362,Bright Phoenix,Documentary,Drama,unknown,2021,84.0,TV-Y,English,UK,7.9,0.0,0.0,1,1,1,2023-05-09,0,0,1,1
movie_0363,Night Secret,Movie,Animation,unknown,1990,150.0,PG,German,USA,6.4,9373108.0,1233608.0,1,1,0,2022-02-11,0,1,0,0
movie_0364,Princess House,Movie,Thriller,unknown,2009,95.0,TV-Y7,English,USA,7.9,19537616.0,4193030.0,1,1,1,2020-11-02,0,0,0,0
movie_0365,First Quest,TV Series,Action,Mystery,2011,70.0,NC-17,English,USA,7.3,0.0,0.0,1,170,0,2025-06-30,1,0,1,1
movie_0366,War Dragon,Limited Series,Crime,Family,2001,24.0,TV-14,English,Canada,8.2,0.0,0.0,10,185,0,2024-07-19,0,0,1,1
movie_0367,Storm Secret,Movie,Drama,unknown,1991,92.0,TV-MA,English,USA,4.7,6921573.0,0.0,1,1,0,2022-11-29,1,0,0,1
movie_0368,The Empire,Movie,Western,Fantasy,2018,95.0,TV-PG,French,Canada,6.1,29387509.0,0.0,1,1,1,2021-05-17,0,0,0,1
movie_0369,Big Ice,Documentary,Family,Adventure,2008,58.0,TV-Y,Hindi,Japan,5.9,0.0,0.0,1,1,0,2023-05-08,0,0,1,1
movie_0370,Princess Quest,Movie,Music,Thriller,2015,87.0,PG-13,Spanish,USA,6.4,1373809.0,0.0,1,1,0,2021-09-16,0,1,0,1
movie_0371,King Love,TV Series,Biography,Drama,2017,46.0,TV-PG,Hindi,South Korea,6.3,0.0,0.0,1,168,1,2025-07-23,0,0,1,1
movie_0372,Love Fire,Movie,Documentary,unknown,2022,93.0,TV-Y7,English,South Korea,9.5,3882573.0,0.0,1,1,0,2023-02-04,0,0,0,1
movie_0373,Queen Journey,TV Series,War,unknown,2001,51.0,TV-MA,Spanish,South Korea,5.5,0.0,0.0,7,147,0,2021-06-17,0,0,1,1
movie_0374,The Story,Movie,Adventure,unknown,2023,104.0,TV-14,English,USA,7.5,766474.0,7301565.0,1,1,0,2024-03-05,1,0,0,0
movie_0375,Last Kingdom,Movie,Fantasy,Animation,2019,129.0,TV-Y7,Japanese,Canada,7.3,11990701.0,0.0,1,1,0,2021-03-15,0,0,0,1
movie_0376,City Legend,Movie,Family,Animation,2021,106.0,TV-PG,English,USA,7.6,102041972.0,0.0,1,1,0,2023-06-21,0,0,0,1
movie_0377,Ice Journey,Movie,Animation,unknown,2016,105.0,NC-17,Japanese,USA,5.6,4268594.0,3435870.0,1,1,0,2024-10-10,0,0,0,0
movie_0378,Quest Family,Stand-up Comedy,Sport,unknown,2005,42.0,TV-PG,English,USA,6.4,0.0,0.0,1,1,0,2025-02-28,0,1,1,1
movie_0379,Our Battle,TV Series,Horror,unknown,2007,41.0,TV-G,Japanese,South Korea,6.4,0.0,0.0,13,164,0,2021-03-23,0,1,1,1
movie_0380,House Dragon,Stand-up Comedy,Animation,unknown,2015,66.0,PG-13,Hindi,USA,8.2,0.0,0.0,1,1,1,2023-06-17,0,0,1,1
movie_0381,Dragon Princess,Movie,Biography,Sport,2023,116.0,TV-G,English,Germany,6.2,8059992.0,1032562.0,1,1,0,2021-11-26,0,0,0,0
movie_0382,Love Empire,Documentary,War,War,2012,66.0,TV-G,English,Canada,5.5,0.0,0.0,1,1,0,2021-10-10,1,0,1,1
movie_0383,Day City,TV Series,Crime,unknown,2022,42.0,G,English,USA,5.7,0.0,0.0,6,89,0,2023-09-28,0,0,1,1
movie_0384,Night Adventure,Stand-up Comedy,Music,Thriller,2013,42.0,G,English,USA,8.8,0.0,0.0,1,1,1,2022-02-27,0,0,1,1
movie_0385,Little Journey,Documentary,Family,Animation,2020,72.0,TV-Y7,English,USA,7.1,0.0,0.0,1,1,0,2025-02-27,0,0,1,1
movie_0386,Hero Hero,Stand-up Comedy,War,Adventure,2015,42.0,PG,English,USA,8.6,0.0,0.0,1,1,0,2020-10-11,0,0,1,1
movie_0387,Night King,Movie,Animation,unknown,2024,90.0,TV-14,English,India,6.4,0.0,0.0,1,1,0,2025-06-09,1,1,1,1
movie_0388,An Mission,Documentary,Animation,Thriller,1994,35.0,TV-G,Spanish,USA,2.0,0.0,0.0,1,1,0,2024-07-29,0,0,1,1
movie_0389,Last Mission,Movie,History,Western,2023,122.0,TV-14,German,Canada,8.7,17655990.0,7400330.0,1,1,0,2023-03-20,1,0,0,0
movie_0390,Old Night,Movie,Fantasy,Sci-Fi,2004,94.0,TV-Y7,Spanish,USA,2.7,1231347.0,2483539.0,1,1,0,2024-07-05,0,0,0,0
movie_0391,Night Night,Stand-up Comedy,Crime,Biography,2006,87.0,TV-PG,French,USA,1.2,0.0,0.0,1,1,1,2021-04-22,0,0,1,1
movie_0392,Hero City,TV Series,Adventure,unknown,2010,49.0,PG-13,French,USA,8.9,0.0,0.0,8,101,0,2024-09-26,1,0,1,1
movie_0393,A Storm,Stand-up Comedy,Sci-Fi,unknown,1999,57.0,TV-MA,English,South Korea,7.7,0.0,0.0,1,1,0,2020-12-07,0,0,1,1
movie_0394,Dark Kingdom,TV Series,Adventure,unknown,2014,26.0,R,Spanish,South Korea,6.1,0.0,0.0,6,97,1,2023-12-17,0,0,1,1
movie_0395,Princess Queen,Stand-up Comedy,Family,Drama,2022,36.0,NC-17,English,USA,6.4,0.0,0.0,1,1,0,2024-04-04,0,1,1,1
movie_0396,Storm Night,Movie,War,unknown,2003,120.0,PG-13,English,USA,7.2,282251.0,4665806.0,1,1,0,2023-08-15,0,0,0,0
movie_0397,Legend Adventure,Stand-up Comedy,Sci-Fi,unknown,2016,72.0,G,Spanish,USA,6.0,0.0,0.0,1,1,0,2022-01-18,1,0,1,1
movie_0398,Hero Story,Movie,Animation,unknown,1997,101.0,R,English,South Korea,5.5,20876719.0,0.0,1,1,0,2023-09-28,0,0,0,1
movie_0399,Our Ice,Documentary,Horror,unknown,1996,87.0,TV-Y7,French,USA,6.8,0.0,0.0,1,1,0,2021-12-16,0,0,1,1
movie_0400,Night Queen,Movie,Action,unknown,2002,73.0,TV-MA,Korean,UK,6.4,179175.0,28601135.0,1,1,0,2024-05-29,0,1,0,0
movie_0401,Queen War,Movie,Family,Action,2022,159.0,TV-Y,English,USA,5.5,1612758.0,0.0,1,1,0,2022-06-29,0,0,0,1
movie_0402,Fire Dream,Stand-up Comedy,Romance,unknown,2005,41.0,NC-17,German,Canada,7.1,0.0,0.0,1,1,0,2023-04-05,0,0,1,1
movie_0403,Legend Legend,Movie,History,unknown,1992,106.0,R,Japanese,USA,2.0,0.0,309036948.0,1,1,1,2022-01-07,0,0,1,0
movie_0404,Family Story,TV Series,War,unknown,1990,53.0,TV-14,Korean,India,7.2,0.0,0.0,2,53,1,2020-09-21,0,0,1,1
movie_0405,Old Ice,Documentary,Biography,Crime,2006,44.0,R,English,South Korea,6.9,0.0,0.0,1,1,0,2021-08-27,0,0,1,1
movie_0406,Mystery Empire,Movie,Adventure,unknown,2015,95.0,G,English,UK,7.2,3408376.0,0.0,1,1,1,2023-07-14,0,0,0,1
movie_0407,Phoenix Adventure,Stand-up Comedy,Action,unknown,1954,48.0,TV-PG,English,USA,6.4,0.0,0.0,1,1,1,2021-09-14,1,0,1,1
movie_0408,Adventure Love,Stand-up Comedy,Music,unknown,2008,43.0,R,English,Canada,7.8,0.0,0.0,1,1,0,2023-10-20,1,0,1,1
movie_0409,Mystery Storm,Documentary,Fantasy,Drama,2020,99.0,TV-14,English,USA,7.8,0.0,0.0,1,1,0,2023-04-18,1,0,1,1
movie_0410,Last Battle,Movie,Drama,unknown,2022,586.0,TV-14,English,USA,5.4,28133203.0,146383638.0,1,1,0,2024-04-24,0,0,0,0
movie_0411,Dream Dream,Movie,Music,Romance,2013,126.0,TV-Y,Japanese,USA,6.4,0.0,5867475.0,1,1,0,2025-03-15,1,1,1,0
movie_0412,Princess Adventure,Limited Series,Comedy,unknown,1996,68.0,TV-G,Spanish,USA,3.8,0.0,0.0,9,132,0,2025-01-13,0,0,1,1
movie_0413,Legend Day,Movie,Family,Family,2006,80.0,TV-Y,Hindi,UK,3.5,11692054.0,4330263.0,1,1,0,2022-10-29,0,0,0,0
movie_0414,Adventure Queen,TV Series,Documentary,Drama,1999,42.0,G,English,Germany,7.4,0.0,0.0,13,141,1,2025-07-19,0,0,1,1
movie_0415,Last Quest,Documentary,Horror,Biography,1993,71.0,PG-13,English,UK,5.0,0.0,0.0,1,1,1,2025-03-24,0,0,1,1
movie_0416,A Mystery,Stand-up Comedy,Mystery,unknown,1992,45.0,R,Spanish,USA,9.1,0.0,0.0,1,1,0,2021-06-11,0,0,1,1
movie_0417,Dragon Day,Documentary,Western,unknown,2011,91.0,PG-13,English,USA,5.4,0.0,0.0,1,1,0,2023-06-07,0,0,1,1
movie_0418,Big Story,Movie,Western,unknown,2020,146.0,TV-14,English,UK,5.8,2059746.0,0.0,1,1,0,2020-10-15,0,0,0,1
movie_0419,New Fire,TV Series,Fantasy,unknown,1993,65.0,TV-14,Spanish,India,5.2,0.0,0.0,8,98,0,2025-01-03,0,0,1,1
movie_0420,War Hero,Stand-up Comedy,Western,unknown,1990,53.0,PG,Spanish,South Korea,6.8,0.0,0.0,1,1,0,2023-09-04,0,0,1,1
movie_0421,Legend Love,Documentary,War,unknown,1997,66.0,PG,English,USA,5.2,0.0,0.0,1,1,0,2025-05-30,0,0,1,1
movie_0422,City Night,TV Series,Family,unknown,2021,46.0,PG-13,Hindi,Germany,5.8,0.0,0.0,5,129,0,2022-12-20,0,0,1,1
movie_0423,Our Night,Movie,Biography,unknown,2005,143.0,TV-PG,English,USA,3.4,1053266.0,178690590.0,1,1,0,2022-11-05,0,0,0,0
movie_0424,Battle Secret,Documentary,Mystery,unknown,2004,56.0,TV-Y7,English,USA,0.9,0.0,0.0,1,1,0,2021-04-06,0,0,1,1
movie_0425,Storm Kingdom,TV Series,Adventure,unknown,1994,53.0,NC-17,English,USA,6.4,0.0,0.0,8,134,0,2023-01-09,0,1,1,1
movie_0426,Warrior King,Movie,Action,unknown,2004,131.0,PG,French,USA,5.2,5821087.0,15559765.0,1,1,0,2024-03-17,0,0,0,0
movie_0427,A King,Movie,Western,unknown,2023,59.0,PG-13,English,South Korea,7.2,20316482.0,209532686.0,1,1,0,2024-02-15,0,0,0,0
movie_0428,Empire King,Movie,Thriller,Adventure,2020,105.0,TV-Y7,English,Japan,6.9,33231719.0,65276378.0,1,1,1,2022-12-25,1,0,0,0
movie_0429,Kingdom City,TV Series,History,unknown,1994,53.0,NC-17,English,USA,5.7,0.0,0.0,9,99,0,2020-10-22,0,0,1,1
movie_0430,Dragon Princess,Movie,Sci-Fi,Romance,1990,126.0,TV-Y,English,USA,5.2,300376.0,31428491.0,1,1,0,2021-03-02,1,0,0,0
movie_0431,A Adventure,Movie,History,unknown,2003,97.0,R,English,USA,6.9,816637.0,21732153.0,1,1,0,2021-05-30,0,0,0,0
movie_0432,Love Journey,Limited Series,Animation,unknown,2019,60.0,R,French,USA,6.7,0.0,0.0,1,29,1,2021-04-26,0,0,1,1
movie_0433,Our City,Movie,Crime,unknown,1999,113.0,TV-MA,English,France,6.5,0.0,2627409.0,1,1,0,2024-07-19,1,0,1,0
movie_0434,Princess Battle,Movie,Fantasy,unknown,2011,90.0,TV-Y,English,France,6.5,1346945.0,0.0,1,1,0,2024-10-25,0,0,0,1
movie_0435,Mission Phoenix,Documentary,Family,Thriller,2009,101.0,TV-PG,English,Canada,6.2,0.0,0.0,1,1,0,2023-11-25,1,0,1,1
movie_0436,Story City,Documentary,History,unknown,2012,98.0,NC-17,English,Germany,6.4,0.0,0.0,1,1,0,2025-01-29,0,0,1,1
movie_0437,Ice Secret,Movie,Animation,Drama,2016,93.0,TV-PG,English,USA,8.0,237105.0,0.0,1,1,1,2023-02-19,0,0,0,1
movie_0438,Mission Fire,TV Series,Mystery,Animation,2007,40.0,NC-17,Korean,USA,0.7,0.0,0.0,12,138,0,2025-01-16,0,0,1,1
movie_0439,Little Kingdom,Movie,Documentary,unknown,2023,99.0,TV-Y,English,USA,1.4,1745829.0,1894665.0,1,1,0,2023-08-08,0,0,0,0
movie_0440,Love War,Movie,Biography,Animation,2023,132.0,TV-G,Hindi,USA,7.4,8101114.0,18148075.0,1,1,1,2021-08-30,0,0,0,0
movie_0441,Day Legend,TV Series,Comedy,Thriller,1993,56.0,TV-G,Hindi,USA,4.0,0.0,0.0,8,199,0,2021-07-14,0,0,1,1
movie_0442,Dragon Storm,Stand-up Comedy,War,unknown,1990,59.0,G,English,USA,6.6,0.0,0.0,1,1,1,2022-08-05,0,0,1,1
movie_0443,Battle Legend,Movie,Documentary,Thriller,2011,88.0,R,English,South Korea,6.5,1448215.0,7347430.0,1,1,0,2020-09-10,0,0,0,0
movie_0444,Dragon Mystery,TV Series,Romance,unknown,2010,58.0,TV-Y,English,USA,7.8,0.0,0.0,3,129,0,2023-03-23,1,0,1,1
movie_0445,Secret Family,Movie,Thriller,Fantasy,1999,76.0,TV-Y7,English,UK,4.6,460104.0,11699392.0,1,1,0,2022-08-05,0,0,0,0
movie_0446,Queen Mission,TV Series,Adventure,unknown,1994,50.0,PG,English,Canada,8.5,0.0,0.0,12,123,1,2024-09-21,1,0,1,1
movie_0447,House Night,Stand-up Comedy,History,unknown,2005,31.0,G,Italian,Germany,4.7,0.0,0.0,1,1,0,2023-04-30,1,0,1,1
movie_0448,Story Hero,Movie,Comedy,unknown,1993,101.0,TV-MA,English,USA,6.4,3865797.0,5081496.0,1,1,1,2020-12-15,0,1,0,0
movie_0449,Night House,TV Series,Horror,Western,2003,16.0,TV-Y7,English,France,7.5,0.0,0.0,3,126,1,2024-12-04,0,0,1,1
movie_0450,A Quest,Stand-up Comedy,Action,unknown,2005,57.0,NC-17,English,USA,10.0,0.0,0.0,1,1,0,2025-05-13,1,0,1,1
movie_0451,Family Legend,Movie,Family,Sport,2005,109.0,TV-MA,Japanese,Japan,6.8,2290910.0,0.0,1,1,1,2024-11-16,0,0,0,1
movie_0452,Family Secret,Limited Series,Romance,unknown,2024,56.0,TV-Y7,French,USA,6.4,0.0,0.0,11,58,1,2023-12-23,0,1,1,1
movie_0453,Princess Dream,Movie,Adventure,unknown,2007,92.0,TV-MA,English,Germany,9.2,3945580.0,366268007.0,1,1,0,2021-03-16,0,0,0,0
movie_0454,Princess Queen,Movie,Mystery,unknown,1998,113.0,NC-17,Hindi,UK,6.6,357135.0,1413140.0,1,1,0,2022-07-31,0,0,0,0
movie_0455,Journey Quest,Movie,Fantasy,unknown,2008,117.0,PG-13,English,France,6.4,0.0,49402926.0,1,1,0,2025-02-22,0,1,1,0
movie_0456,Ice Legend,Movie,War,unknown,1979,104.0,PG-13,Hindi,USA,6.4,0.0,96016345.0,1,1,0,2025-07-18,0,1,1,0
movie_0457,The Day,TV Series,Drama,Family,1995,45.0,G,Hindi,USA,1.7,0.0,0.0,1,97,0,2023-03-02,0,0,1,1
movie_0458,Secret Hero,TV Series,Action,unknown,2018,57.0,R,English,USA,6.4,0.0,0.0,6,173,1,2023-03-08,0,1,1,1
movie_0459,Ice Phoenix,Movie,War,unknown,1997,98.0,TV-MA,English,USA,8.1,0.0,2089087.0,1,1,1,2024-08-04,1,0,1,0
movie_0460,Family Journey,TV Series,Documentary,History,2013,24.0,TV-14,Italian,Japan,6.4,0.0,0.0,9,66,0,2022-02-23,0,1,1,1
movie_0461,King Queen,Stand-up Comedy,Fantasy,unknown,2003,61.0,TV-PG,Spanish,Canada,5.6,0.0,0.0,1,1,1,2024-05-07,0,0,1,1
movie_0462,Last Kingdom,TV Series,Drama,unknown,2007,53.0,TV-PG,Spanish,USA,9.0,0.0,0.0,13,17,1,2023-05-23,0,0,1,1
movie_0463,Phoenix Day,TV Series,Comedy,unknown,2007,28.0,TV-14,English,USA,8.3,0.0,0.0,13,166,0,2022-11-14,0,0,1,1
movie_0464,Old House,Limited Series,Sport,unknown,1993,38.0,TV-Y,English,USA,4.9,0.0,0.0,6,176,0,2021-05-04,1,0,1,1
movie_0465,Battle Fire,Documentary,Romance,unknown,2006,91.0,R,Korean,USA,7.4,0.0,0.0,1,1,0,2023-08-04,0,0,1,1
movie_0466,Ice Secret,Movie,Horror,unknown,2011,132.0,G,English,USA,5.5,6517048.0,0.0,1,1,0,2021-06-26,0,0,0,1
movie_0467,City Fire,Documentary,Sci-Fi,Fantasy,1996,68.0,NC-17,English,USA,7.1,0.0,0.0,1,1,0,2023-11-05,0,0,1,1
movie_0468,King Phoenix,TV Series,Action,Western,1992,27.0,TV-Y7,Spanish,USA,7.0,0.0,0.0,1,117,0,2023-06-17,0,0,1,1
movie_0469,Hero Empire,Documentary,Crime,unknown,2002,92.0,TV-Y,English,South Korea,6.4,0.0,0.0,1,1,1,2020-12-27,0,1,1,1
movie_0470,Mystery House,Documentary,Biography,unknown,1994,112.0,TV-Y,Italian,USA,5.7,0.0,0.0,1,1,0,2025-06-30,0,0,1,1
movie_0471,Our Journey,TV Series,Documentary,unknown,2017,45.0,G,Italian,India,8.0,0.0,0.0,8,177,0,2023-11-19,0,0,1,1
movie_0472,Quest House,Movie,Action,unknown,1995,113.0,TV-MA,English,USA,5.9,59076396.0,1149791.0,1,1,0,2021-09-05,0,0,0,0
movie_0473,Journey House,Movie,Animation,Drama,1998,95.0,NC-17,German,USA,5.5,1622983.0,0.0,1,1,1,2021-11-01,0,0,0,1
movie_0474,Family Quest,TV Series,Drama,unknown,2007,37.0,TV-Y7,English,Canada,7.0,0.0,0.0,14,21,1,2020-08-19,0,0,1,1
movie_0475,A Secret,Movie,Drama,unknown,2014,112.0,PG,French,Germany,5.2,1942432.0,50827785.0,1,1,0,2022-10-20,0,0,0,0
movie_0476,Bright Storm,Limited Series,Action,Animation,2016,35.0,TV-G,Spanish,South Korea,6.4,0.0,0.0,14,176,0,2024-09-11,0,1,1,1
movie_0477,Dragon War,TV Series,Mystery,Family,2003,524.0,NC-17,Spanish,USA,5.0,0.0,0.0,4,199,1,2024-05-09,0,0,1,1
movie_0478,House Storm,Movie,Comedy,Drama,2004,138.0,NC-17,English,Canada,3.2,0.0,3733955.0,1,1,1,2022-09-01,0,0,1,0
movie_0479,Little House,TV Series,Biography,Family,2013,56.0,PG-13,Spanish,South Korea,6.8,0.0,0.0,8,94,0,2020-09-13,0,0,1,1
movie_0480,Princess Secret,Movie,History,Comedy,2013,118.0,TV-G,English,USA,5.1,25930822.0,32785848.0,1,1,0,2025-07-21,0,0,0,0
movie_0481,Ice Story,Movie,War,unknown,2021,122.0,TV-Y7,English,UK,6.3,0.0,9899916.0,1,1,0,2024-09-05,1,0,1,0
movie_0482,Love Battle,TV Series,History,unknown,1997,32.0,TV-PG,English,USA,6.4,0.0,0.0,3,120,1,2022-10-15,0,1,1,1
movie_0483,War Journey,Movie,Family,Thriller,2018,170.0,R,English,USA,4.0,1509950.0,9208234.0,1,1,0,2023-01-26,0,0,0,0
movie_0484,Secret King,Movie,Animation,Adventure,1994,90.0,TV-MA,Japanese,South Korea,4.8,360993.0,2993307.0,1,1,0,2020-08-24,0,0,0,0
movie_0485,Bright Queen,Movie,Drama,unknown,1998,133.0,NC-17,French,USA,7.8,3337484.0,33861358.0,1,1,0,2023-11-06,0,0,0,0
movie_0486,Story Warrior,Movie,Sci-Fi,unknown,1999,126.0,TV-14,English,South Korea,6.4,857249.0,816259.0,1,1,1,2023-01-04,0,0,0,0
movie_0487,Mystery Secret,Documentary,History,Biography,1999,75.0,TV-Y7,Korean,USA,6.6,0.0,0.0,1,1,0,2021-05-26,0,0,1,1
movie_0488,My Mystery,Movie,Thriller,unknown,2013,111.0,NC-17,Hindi,Canada,6.4,252254.0,161575.0,1,1,0,2023-07-16,0,1,0,0
movie_0489,New Dream,Movie,Sport,Thriller,2023,97.0,NC-17,English,USA,6.4,29439846.0,2124537.0,1,1,0,2021-07-11,0,1,0,0
movie_0490,A Storm,Documentary,Sci-Fi,Romance,1996,118.0,TV-Y,Hindi,Canada,6.4,0.0,0.0,1,1,0,2022-11-12,0,1,1,1
movie_0491,New Warrior,Documentary,Romance,unknown,1999,80.0,PG,English,Japan,8.1,0.0,0.0,1,1,0,2025-06-18,1,0,1,1
movie_0492,Battle Love,TV Series,Documentary,Thriller,2009,54.0,NC-17,English,Canada,5.8,0.0,0.0,13,9,0,2021-09-14,0,0,1,1
movie_0493,Story Fire,Stand-up Comedy,War,unknown,2023,34.0,TV-PG,English,UK,6.1,0.0,0.0,1,1,1,2024-04-16,0,0,1,1
movie_0494,Last Day,TV Series,Music,unknown,2005,44.0,R,English,Germany,5.6,0.0,0.0,2,10,0,2023-07-17,0,0,1,1
movie_0495,City Legend,TV Series,War,Biography,1997,44.0,PG,English,USA,7.7,0.0,0.0,1,64,1,2024-01-14,0,0,1,1
movie_0496,Last Mission,Stand-up Comedy,Action,unknown,2002,65.0,NC-17,German,Japan,1.2,0.0,0.0,1,1,0,2023-01-07,1,0,1,1
movie_0497,Big Warrior,TV Series,Family,unknown,1990,31.0,TV-G,English,USA,4.7,0.0,0.0,1,31,0,2025-07-13,1,0,1,1
movie_0498,Day Dragon,TV Series,Western,unknown,2024,71.0,TV-G,English,USA,6.3,0.0,0.0,14,37,1,2021-03-04,0,0,1,1
movie_0499,Family Story,TV Series,Western,unknown,1998,43.0,TV-Y7,English,USA,7.9,0.0,0.0,10,163,0,2023-10-01,0,0,1,1
movie_0500,My Journey,TV Series,Music,unknown,1990,33.0,TV-PG,English,USA,3.9,0.0,0.0,13,199,1,2025-06-10,0,0,1,1
movie_0501,Hero Dragon,Movie,Comedy,War,1995,100.0,TV-Y,English,USA,9.0,16854758.0,2474372.0,1,1,1,2022-09-13,1,0,0,0
movie_0502,Love Legend,Stand-up Comedy,Sci-Fi,Crime,1993,51.0,TV-Y7,Spanish,USA,6.0,0.0,0.0,1,1,0,2024-02-16,0,0,1,1
movie_0503,An Dragon,TV Series,Horror,unknown,1999,31.0,R,Japanese,USA,7.0,0.0,0.0,1,80,0,2020-08-03,0,0,1,1
movie_0504,Princess Queen,TV Series,Animation,Adventure,2001,36.0,R,English,USA,8.4,0.0,0.0,11,8,0,2023-10-08,0,0,1,1
movie_0505,Phoenix Day,Movie,Western,unknown,1994,117.0,TV-14,Korean,USA,8.5,994027.0,12250323.0,1,1,0,2023-07-08,0,0,0,0
movie_0506,Love Dream,TV Series,Drama,unknown,1997,73.0,TV-PG,French,USA,7.4,0.0,0.0,3,73,0,2024-03-12,0,0,1,1
movie_0507,Old Empire,Movie,Thriller,unknown,1991,118.0,PG-13,Spanish,USA,4.9,5168542.0,23957389.0,1,1,0,2025-06-14,1,0,0,0
movie_0508,Last Hero,Movie,Adventure,Crime,1956,123.0,PG,English,Canada,8.1,1074818.0,32843910.0,1,1,0,2023-10-13,0,0,0,0
movie_0509,Queen House,Movie,Western,Fantasy,1996,112.0,PG,English,USA,6.1,4019610.0,0.0,1,1,0,2025-05-23,0,0,0,1
movie_0510,Queen Kingdom,Movie,History,unknown,2015,100.0,PG,Japanese,USA,0.7,0.0,0.0,1,1,1,2020-12-23,1,0,1,1
movie_0511,Dragon Princess,Movie,Music,unknown,2018,92.0,G,Spanish,South Korea,5.2,1893934.0,1115568.0,1,1,0,2022-06-04,0,0,0,0
movie_0512,An Princess,Stand-up Comedy,Romance,unknown,2017,93.0,NC-17,English,USA,0.7,0.0,0.0,1,1,1,2021-12-02,0,0,1,1
movie_0513,Night Dragon,Movie,Drama,unknown,2008,117.0,TV-G,English,South Korea,8.1,1958252.0,3878800.0,1,1,1,2023-03-03,0,0,0,0
movie_0514,Love Love,Movie,Animation,Horror,2003,89.0,TV-Y,French,USA,5.4,0.0,221786.0,1,1,1,2021-09-08,0,0,1,0
movie_0515,Secret House,TV Series,Sci-Fi,unknown,2006,30.0,TV-G,English,Canada,6.4,0.0,0.0,11,58,0,2021-03-22,0,1,1,1
movie_0516,Dragon Storm,Documentary,Action,Comedy,2020,78.0,TV-14,English,Canada,4.9,0.0,0.0,1,1,1,2024-08-17,0,0,1,1
movie_0517,Storm Legend,TV Series,War,unknown,1998,48.0,TV-MA,English,Japan,6.0,0.0,0.0,9,85,0,2021-07-21,0,0,1,1
movie_0518,A Quest,Movie,Horror,unknown,2002,89.0,G,Spanish,USA,8.3,0.0,2839053.0,1,1,0,2025-01-09,0,0,1,0
movie_0519,Quest House,Documentary,Fantasy,Drama,2020,98.0,TV-PG,English,USA,5.9,0.0,0.0,1,1,0,2025-06-11,0,0,1,1
movie_0520,Big Queen,TV Series,Biography,unknown,1992,28.0,PG-13,English,Germany,6.5,0.0,0.0,5,9,0,2023-05-25,0,0,1,1
movie_0521,Quest House,Movie,Crime,Mystery,2017,114.0,TV-14,French,USA,5.6,2053432.0,254166195.0,1,1,0,2024-07-31,0,0,0,0
movie_0522,Big Warrior,Documentary,Romance,unknown,2018,62.0,TV-G,Hindi,Germany,8.1,0.0,0.0,1,1,1,2022-08-31,0,0,1,1
movie_0523,Mystery War,Movie,Fantasy,unknown,1981,159.0,G,Italian,South Korea,6.9,5347853.0,30379004.0,1,1,0,2023-12-08,0,0,0,0
movie_0524,Kingdom City,Movie,Crime,unknown,2019,105.0,TV-PG,English,Germany,4.3,8179501.0,0.0,1,1,0,2023-02-07,0,0,0,1
movie_0525,Night Warrior,Movie,Animation,Horror,2006,69.0,TV-PG,English,USA,5.1,28195264.0,0.0,1,1,0,2022-05-10,0,0,0,1
movie_0526,Journey Warrior,Stand-up Comedy,Drama,Drama,2000,61.0,TV-14,English,Canada,6.4,0.0,0.0,1,1,0,2023-02-20,0,1,1,1
movie_0527,Hero Story,Movie,Crime,unknown,1993,95.0,TV-Y7,English,South Korea,6.4,9430381.0,345877.0,1,1,0,2025-01-22,0,1,0,0
movie_0528,Queen Empire,Movie,Biography,unknown,1995,91.0,TV-G,French,USA,1.3,5268267.0,98546720.0,1,1,1,2020-08-20,1,0,0,0
movie_0529,Legend Warrior,Movie,Music,unknown,1996,62.0,PG,Korean,USA,7.5,0.0,4201576.0,1,1,0,2024-04-17,0,0,1,0
movie_0530,Night Legend,Documentary,Romance,unknown,2015,91.0,TV-MA,Japanese,USA,5.3,0.0,0.0,1,1,1,2025-04-22,0,0,1,1
movie_0531,Last Night,Movie,Western,Biography,2000,106.0,PG,English,Japan,10.0,0.0,136292673.0,1,1,0,2025-04-01,0,0,1,0
movie_0532,First Phoenix,TV Series,Adventure,Thriller,1998,36.0,TV-14,English,USA,6.4,0.0,0.0,13,15,0,2025-04-11,0,1,1,1
movie_0533,First Ice,Stand-up Comedy,Thriller,unknown,2007,61.0,TV-14,English,USA,6.0,0.0,0.0,1,1,0,2025-01-11,1,0,1,1
movie_0534,Big Family,TV Series,War,Sport,1991,14.0,PG-13,English,USA,7.9,0.0,0.0,8,36,0,2022-08-26,1,0,1,1
movie_0535,Last Phoenix,TV Series,Romance,Thriller,1993,71.0,R,Hindi,Canada,4.8,0.0,0.0,12,126,1,2021-11-21,1,0,1,1
movie_0536,Bright Hero,TV Series,Western,unknown,1992,36.0,TV-14,Japanese,USA,6.4,0.0,0.0,1,76,0,2023-08-28,0,1,1,1
movie_0537,New Story,Movie,Horror,unknown,1998,67.0,PG-13,Italian,UK,5.6,3291844.0,9314738.0,1,1,1,2022-08-16,1,0,0,0
movie_0538,Storm Dream,Movie,Thriller,unknown,2002,80.0,NC-17,Spanish,France,4.9,13375163.0,0.0,1,1,0,2022-10-21,1,0,0,1
movie_0539,Queen Queen,Movie,Family,unknown,2021,106.0,TV-Y,English,USA,6.2,0.0,5088419.0,1,1,1,2021-03-18,0,0,1,0
movie_0540,Warrior Story,Documentary,Music,Mystery,2004,86.0,TV-MA,Italian,USA,7.7,0.0,0.0,1,1,1,2020-09-03,0,0,1,1
movie_0541,Princess Love,Documentary,Adventure,unknown,2024,76.0,TV-G,Japanese,USA,4.8,0.0,0.0,1,1,0,2021-02-28,0,0,1,1
movie_0542,Storm Empire,Documentary,Horror,unknown,2004,82.0,TV-Y,English,USA,4.9,0.0,0.0,1,1,1,2022-09-29,0,0,1,1
movie_0543,War Adventure,TV Series,War,Fantasy,2003,24.0,G,English,Germany,4.8,0.0,0.0,3,170,0,2024-08-24,0,0,1,1
movie_0544,Hero Quest,Movie,Comedy,Music,1990,70.0,TV-PG,English,Germany,5.9,1855152.0,0.0,1,1,0,2022-10-26,0,0,0,1
movie_0545,Little Mission,Documentary,Western,unknown,1998,90.0,G,Spanish,USA,8.6,0.0,0.0,1,1,1,2022-02-22,0,0,1,1
movie_0546,New Queen,Movie,Adventure,Sport,2011,100.0,G,Korean,Canada,5.2,27001846.0,1247942.0,1,1,0,2024-04-18,0,0,0,0
movie_0547,Fire Mission,TV Series,History,unknown,2011,55.0,PG,Italian,South Korea,4.6,0.0,0.0,8,41,1,2025-07-30,0,0,1,1
movie_0548,Story Hero,Documentary,Comedy,Adventure,1990,92.0,R,English,Germany,6.4,0.0,0.0,1,1,0,2024-04-13,0,1,1,1
movie_0549,A Adventure,Movie,Crime,Western,1995,130.0,TV-PG,English,USA,6.4,116133750.0,0.0,1,1,0,2021-10-04,1,1,0,1
movie_0550,Dark Ice,Movie,War,unknown,2001,59.0,PG-13,Spanish,USA,6.2,1930583.0,0.0,1,1,0,2023-11-03,0,0,0,1
movie_0551,Warrior Quest,Movie,Mystery,Romance,2012,109.0,R,English,USA,6.4,1558696.0,4818745.0,1,1,0,2023-09-08,0,1,0,0
movie_0552,A Mission,Documentary,Romance,unknown,2017,88.0,TV-14,English,UK,6.4,0.0,0.0,1,1,1,2025-01-17,1,1,1,1
movie_0553,Mystery City,Documentary,Music,unknown,2010,93.0,NC-17,English,Germany,6.0,0.0,0.0,1,1,1,2024-06-22,0,0,1,1
movie_0554,Fire Queen,Documentary,History,unknown,2009,84.0,NC-17,German,Canada,7.8,0.0,0.0,1,1,0,2021-11-28,0,0,1,1
movie_0555,Ice Phoenix,TV Series,Comedy,Sci-Fi,2011,22.0,R,English,Germany,3.0,0.0,0.0,1,141,0,2025-04-06,1,0,1,1
movie_0556,Empire Princess,Documentary,Animation,unknown,2001,108.0,TV-Y,English,USA,6.8,0.0,0.0,1,1,0,2023-09-10,0,0,1,1
movie_0557,Queen Hero,Movie,Sport,unknown,2020,147.0,TV-G,English,USA,7.8,13882650.0,1054653607.0,1,1,0,2022-03-09,0,0,0,0
movie_0558,Last Phoenix,TV Series,Music,unknown,2011,28.0,NC-17,Spanish,USA,5.6,0.0,0.0,2,185,0,2020-08-13,0,0,1,1
movie_0559,Mystery Dragon,Documentary,Romance,unknown,2001,73.0,TV-Y7,English,South Korea,6.4,0.0,0.0,1,1,1,2021-07-05,0,1,1,1
movie_0560,Ice Queen,Stand-up Comedy,Adventure,unknown,1997,51.0,TV-Y,English,Germany,6.4,0.0,0.0,1,1,0,2025-04-19,0,1,1,1
movie_0561,Quest Secret,TV Series,Western,Crime,1990,54.0,R,English,UK,3.8,0.0,0.0,5,38,0,2023-03-05,0,0,1,1
movie_0562,Legend Queen,Movie,Action,unknown,2006,137.0,G,English,Germany,6.4,8709831.0,1267443.0,1,1,0,2024-06-18,0,1,0,0
movie_0563,Ice Secret,Movie,Sport,unknown,1995,121.0,R,English,USA,7.0,14078805.0,0.0,1,1,0,2024-10-08,0,0,0,1
movie_0564,Mystery Mystery,TV Series,Documentary,unknown,2006,6.0,NC-17,English,USA,6.4,0.0,0.0,1,177,0,2024-04-18,0,1,1,1
movie_0565,Dragon Family,Stand-up Comedy,Music,unknown,2005,54.0,G,English,USA,6.9,0.0,0.0,1,1,0,2021-07-18,0,0,1,1
movie_0566,A City,Movie,History,Mystery,2022,110.0,TV-Y,Hindi,USA,7.2,0.0,124803650.0,1,1,0,2024-10-11,0,0,1,0
movie_0567,Journey Kingdom,TV Series,Fantasy,unknown,1993,50.0,PG,English,USA,5.6,0.0,0.0,13,167,1,2025-01-15,1,0,1,1
movie_0568,Dark Legend,Movie,Sci-Fi,unknown,1956,125.0,TV-Y7,English,Canada,6.2,1464928.0,7568167.0,1,1,0,2025-03-22,0,0,0,0
movie_0569,Legend King,Documentary,War,unknown,1990,59.0,TV-14,English,USA,6.3,0.0,0.0,1,1,0,2022-04-12,1,0,1,1
movie_0570,Mission Storm,Stand-up Comedy,Sci-Fi,War,1999,87.0,TV-G,German,USA,5.8,0.0,0.0,1,1,0,2023-08-31,0,0,1,1
movie_0571,City Princess,Documentary,Family,History,2011,73.0,TV-MA,Japanese,South Korea,4.4,0.0,0.0,1,1,1,2024-11-04,0,0,1,1
movie_0572,Dream Secret,TV Series,Documentary,Sci-Fi,2024,33.0,PG-13,English,UK,4.5,0.0,0.0,8,105,0,2021-06-08,0,0,1,1
movie_0573,Fire Kingdom,Limited Series,Action,History,2020,34.0,PG,Spanish,Germany,6.9,0.0,0.0,3,35,0,2021-08-28,0,0,1,1
movie_0574,Journey Princess,Limited Series,Comedy,Drama,2012,57.0,PG,Spanish,USA,5.3,0.0,0.0,6,10,0,2024-08-14,1,0,1,1
movie_0575,City Quest,Documentary,Drama,unknown,2021,86.0,NC-17,Spanish,South Korea,1.4,0.0,0.0,1,1,0,2024-10-22,0,0,1,1
movie_0576,Love Kingdom,Movie,Crime,unknown,2001,104.0,G,Hindi,France,7.1,5073775.0,0.0,1,1,0,2024-09-13,0,0,0,1
movie_0577,Family House,TV Series,Action,unknown,2003,53.0,TV-PG,Japanese,Japan,8.6,0.0,0.0,7,74,1,2023-10-22,0,0,1,1
movie_0578,Little Phoenix,TV Series,Sport,Horror,2000,55.0,PG-13,Hindi,USA,6.6,0.0,0.0,3,29,0,2023-06-19,0,0,1,1
movie_0579,Last Story,Movie,Documentary,unknown,1978,349.0,G,English,South Korea,7.0,5312135.0,69251153.0,1,1,0,2024-02-05,0,0,0,0
movie_0580,Last Love,Stand-up Comedy,Crime,unknown,2014,74.0,PG,English,South Korea,6.2,0.0,0.0,1,1,1,2022-01-19,0,0,1,1
movie_0581,Ice Kingdom,Documentary,Sci-Fi,War,2016,111.0,TV-Y,English,USA,2.7,0.0,0.0,1,1,0,2023-07-19,1,0,1,1
movie_0582,My Queen,TV Series,Sci-Fi,unknown,1990,62.0,TV-Y,English,USA,7.4,0.0,0.0,1,192,0,2020-11-19,0,0,1,1
movie_0583,Hero Ice,Movie,Comedy,unknown,1999,101.0,PG,English,USA,6.8,3951401.0,32741225.0,1,1,0,2023-07-24,0,0,0,0
movie_0584,Family Storm,Documentary,Romance,unknown,2006,89.0,TV-Y,English,USA,3.8,0.0,0.0,1,1,0,2023-10-31,1,0,1,1
movie_0585,Quest Battle,TV Series,Comedy,unknown,2023,59.0,G,Spanish,USA,6.4,0.0,0.0,6,101,0,2020-11-25,0,1,1,1
movie_0586,A Adventure,Documentary,Drama,Documentary,2021,99.0,R,English,USA,4.4,0.0,0.0,1,1,1,2021-10-26,0,0,1,1
movie_0587,A Quest,Stand-up Comedy,Family,unknown,2020,51.0,R,English,India,5.9,0.0,0.0,1,1,0,2022-05-14,0,0,1,1
movie_0588,Queen Queen,Movie,Sci-Fi,unknown,1997,122.0,TV-Y,English,India,2.5,447581.0,391734641.0,1,1,0,2023-09-15,0,0,0,0
movie_0589,Family Adventure,Limited Series,Mystery,unknown,2011,332.0,TV-Y,Korean,USA,7.3,0.0,0.0,3,79,1,2021-08-11,0,0,1,1
movie_0590,Secret City,Documentary,War,unknown,2012,104.0,NC-17,English,India,5.4,0.0,0.0,1,1,0,2022-12-15,1,0,1,1
movie_0591,City Empire,Limited Series,Mystery,Sci-Fi,1995,94.0,TV-Y,German,USA,6.4,0.0,0.0,6,77,0,2024-08-01,0,1,1,1
movie_0592,King Adventure,Movie,Drama,unknown,2018,117.0,TV-G,Italian,USA,6.2,37983685.0,7744943.0,1,1,0,2025-03-12,0,0,0,0
movie_0593,Queen Dragon,Documentary,Family,Family,2001,72.0,TV-14,Spanish,Germany,6.4,0.0,0.0,1,1,1,2022-04-24,0,1,1,1
movie_0594,Journey Day,Movie,Drama,unknown,2003,153.0,PG-13,French,Canada,6.6,1442937.0,23502658.0,1,1,1,2024-11-16,1,0,0,0
movie_0595,An Empire,TV Series,Animation,unknown,1998,28.0,PG-13,English,France,8.3,0.0,0.0,8,104,1,2022-06-30,0,0,1,1
movie_0596,Phoenix Adventure,Limited Series,Documentary,unknown,1993,33.0,TV-G,English,USA,7.5,0.0,0.0,4,12,0,2020-11-12,0,0,1,1
movie_0597,War Journey,Stand-up Comedy,Comedy,History,1996,77.0,TV-MA,English,USA,3.6,0.0,0.0,1,1,0,2021-12-24,0,0,1,1
movie_0598,Queen Quest,Movie,Biography,unknown,1995,166.0,TV-PG,English,India,6.9,719932.0,0.0,1,1,0,2022-10-11,0,0,0,1
movie_0599,Quest War,Documentary,Thriller,unknown,1994,89.0,TV-14,English,USA,4.9,0.0,0.0,1,1,0,2022-02-26,0,0,1,1
movie_0600,Big Adventure,TV Series,History,Fantasy,1992,40.0,TV-Y,Korean,South Korea,6.4,0.0,0.0,14,173,0,2022-12-08,0,1,1,1
movie_0601,Secret Mission,Documentary,Horror,unknown,2016,99.0,G,Japanese,Germany,6.5,0.0,0.0,1,1,0,2021-01-20,0,0,1,1
movie_0602,Queen Family,Movie,Mystery,Sci-Fi,2012,70.0,TV-14,Japanese,Japan,6.4,0.0,3500926.0,1,1,1,2020-12-15,0,1,1,0
movie_0603,Last Kingdom,Movie,War,Crime,1996,113.0,TV-14,English,USA,6.6,0.0,0.0,1,1,0,2024-06-23,0,0,1,1
movie_0604,Empire War,TV Series,Western,unknown,2019,42.0,TV-MA,English,USA,5.4,0.0,0.0,14,112,0,2021-08-22,1,0,1,1
movie_0605,An War,Movie,Romance,War,2014,138.0,PG,English,South Korea,5.6,3696939.0,158596540.0,1,1,1,2024-09-07,0,0,0,0
movie_0606,Legend Fire,Movie,Comedy,Animation,1993,96.0,NC-17,English,UK,9.3,0.0,13896745.0,1,1,0,2024-04-25,0,0,1,0
movie_0607,The War,Documentary,Romance,unknown,2002,86.0,TV-Y7,English,USA,7.6,0.0,0.0,1,1,1,2024-06-15,0,0,1,1
movie_0608,King Warrior,TV Series,Western,unknown,1991,6.0,G,English,India,5.1,0.0,0.0,9,99,0,2023-06-05,0,0,1,1
movie_0609,Old Family,Limited Series,Action,War,2018,43.0,TV-G,Spanish,South Korea,6.4,0.0,0.0,5,182,0,2024-10-14,0,1,1,1
movie_0610,Princess Legend,Documentary,Thriller,unknown,2004,43.0,TV-Y7,French,Japan,4.4,0.0,0.0,1,1,0,2022-10-08,1,0,1,1
movie_0611,Big Adventure,Movie,Documentary,Fantasy,2017,126.0,TV-Y7,English,USA,1.3,2250753.0,170972649.0,1,1,0,2023-07-31,0,0,0,0
movie_0612,Kingdom Empire,Movie,Music,Mystery,2009,66.0,TV-Y,English,USA,5.4,2775406.0,18385689.0,1,1,1,2021-12-19,1,0,0,0
movie_0613,Princess Day,Limited Series,Sci-Fi,Crime,1993,30.0,TV-Y7,English,USA,4.6,0.0,0.0,8,19,0,2024-12-27,0,0,1,1
movie_0614,Day Day,Movie,Comedy,unknown,2019,108.0,TV-G,English,Japan,4.6,1559466.0,0.0,1,1,0,2024-11-20,0,0,0,1
movie_0615,An Fire,Movie,Crime,unknown,2016,136.0,PG,English,Japan,5.1,1121652.0,130558068.0,1,1,1,2022-02-02,1,0,0,0
movie_0616,First Ice,Documentary,Adventure,unknown,2007,96.0,G,English,South Korea,7.1,0.0,0.0,1,1,0,2022-12-06,0,0,1,1
movie_0617,Quest War,Movie,War,War,2023,146.0,PG,English,Germany,7.1,77455401.0,7924508.0,1,1,0,2024-06-27,0,0,0,0
movie_0618,First Kingdom,TV Series,War,Romance,2014,58.0,NC-17,English,South Korea,6.4,0.0,0.0,1,152,0,2024-05-30,0,1,1,1
movie_0619,My Story,Documentary,Crime,Adventure,2014,570.0,TV-G,Japanese,UK,4.8,0.0,0.0,1,1,1,2021-03-03,1,0,1,1
movie_0620,Dark Secret,Movie,Animation,unknown,1997,111.0,TV-Y7,English,USA,7.9,5640579.0,96414255.0,1,1,1,2020-10-28,0,0,0,0
movie_0621,Battle War,TV Series,History,Horror,2023,53.0,PG,Hindi,USA,7.0,0.0,0.0,5,95,1,2022-06-05,0,0,1,1
movie_0622,An Journey,Movie,Western,Comedy,2005,130.0,R,Italian,South Korea,3.4,5596184.0,43187317.0,1,1,1,2020-08-06,0,0,0,0
movie_0623,Family Day,Stand-up Comedy,Family,unknown,2013,54.0,PG,English,USA,9.3,0.0,0.0,1,1,0,2023-08-08,0,0,1,1
movie_0624,Mystery Mystery,Movie,Romance,Sport,2015,101.0,G,English,USA,5.7,5694534.0,169216899.0,1,1,1,2021-03-11,0,0,0,0
movie_0625,Day Night,Movie,Documentary,unknown,2003,105.0,TV-Y,English,USA,6.4,0.0,0.0,1,1,0,2021-10-13,0,1,1,1
movie_0626,Journey Mystery,Movie,Western,unknown,2009,21.0,NC-17,English,South Korea,5.3,350706.0,146051.0,1,1,0,2025-03-18,0,0,0,0
movie_0627,Love Legend,Movie,Western,unknown,2018,121.0,NC-17,English,Germany,6.5,2533936.0,45685991.0,1,1,0,2024-12-29,0,0,0,0
movie_0628,Phoenix Story,TV Series,Music,unknown,2010,45.0,TV-14,English,Canada,8.0,0.0,0.0,13,170,0,2024-04-11,0,0,1,1
movie_0629,Adventure Secret,Documentary,Adventure,unknown,1999,104.0,TV-MA,Japanese,USA,8.2,0.0,0.0,1,1,1,2023-11-14,0,0,1,1
movie_0630,War Secret,Documentary,Sport,War,2024,56.0,TV-G,Japanese,USA,6.4,0.0,0.0,1,1,1,2024-04-15,0,1,1,1
movie_0631,Warrior Kingdom,Movie,War,War,2003,81.0,TV-PG,English,South Korea,4.8,19341025.0,120445111.0,1,1,0,2022-11-26,0,0,0,0
movie_0632,Day Dragon,Movie,Adventure,unknown,2004,89.0,G,French,Germany,6.4,220840.0,0.0,1,1,1,2020-11-20,0,0,0,1
movie_0633,Warrior Ice,TV Series,Biography,History,2000,43.0,TV-G,English,USA,6.6,0.0,0.0,6,29,1,2020-09-15,0,0,1,1
movie_0634,War Phoenix,Stand-up Comedy,Action,unknown,1997,74.0,TV-MA,English,Germany,8.0,0.0,0.0,1,1,0,2022-04-20,1,0,1,1
movie_0635,Dream Family,TV Series,Comedy,unknown,1995,30.0,TV-Y7,French,South Korea,4.8,0.0,0.0,1,172,0,2023-05-29,0,0,1,1
movie_0636,Last Mission,Stand-up Comedy,Music,unknown,2009,51.0,TV-MA,English,USA,6.4,0.0,0.0,1,1,1,2023-01-23,0,1,1,1
movie_0637,Old Battle,TV Series,Family,History,2006,58.0,TV-MA,English,USA,5.5,0.0,0.0,1,83,1,2021-10-03,0,0,1,1
movie_0638,Quest Family,TV Series,Romance,unknown,2001,65.0,G,English,USA,6.1,0.0,0.0,8,25,0,2024-05-16,0,0,1,1
movie_0639,Quest Fire,Limited Series,Sport,War,1996,68.0,TV-Y7,English,Canada,4.8,0.0,0.0,11,37,1,2021-05-03,0,0,1,1
movie_0640,Warrior Legend,Movie,Horror,unknown,2002,88.0,TV-MA,Korean,India,6.1,23331183.0,0.0,1,1,0,2023-02-28,1,0,0,1
movie_0641,First Dream,TV Series,Thriller,Thriller,2023,62.0,R,English,USA,10.0,0.0,0.0,12,54,1,2025-01-29,0,0,1,1
movie_0642,Hero Dragon,Limited Series,Romance,unknown,2011,20.0,TV-14,Italian,Canada,6.4,0.0,0.0,3,37,1,2021-04-26,1,1,1,1
movie_0643,Fire Phoenix,TV Series,Drama,unknown,2018,45.0,TV-Y7,Japanese,South Korea,5.3,0.0,0.0,11,91,0,2020-09-07,1,0,1,1
movie_0644,Kingdom Hero,TV Series,Mystery,unknown,2010,24.0,NC-17,Italian,South Korea,6.2,0.0,0.0,5,197,0,2021-12-13,0,0,1,1
movie_0645,Last Secret,Stand-up Comedy,Adventure,Mystery,1991,62.0,TV-G,Korean,France,1.8,0.0,0.0,1,1,1,2022-11-07,1,0,1,1
movie_0646,King Adventure,Movie,Fantasy,unknown,2015,104.0,TV-MA,English,France,7.5,2435028.0,296405.0,1,1,1,2021-09-09,0,0,0,0
movie_0647,Story Journey,Movie,Music,unknown,2010,159.0,TV-Y7,French,France,8.2,12844095.0,34444993.0,1,1,0,2020-10-30,0,0,0,0
movie_0648,An Ice,Movie,Horror,unknown,2012,138.0,TV-Y7,English,USA,4.9,0.0,0.0,1,1,1,2020-12-17,0,0,1,1
movie_0649,King Battle,TV Series,War,Sport,2014,52.0,TV-Y7,Spanish,UK,6.4,0.0,0.0,6,45,0,2023-02-22,0,1,1,1
movie_0650,First Kingdom,Movie,Adventure,unknown,2020,99.0,TV-G,English,USA,5.2,182524033.0,3132808.0,1,1,0,2022-11-28,0,0,0,0
movie_0651,Phoenix Day,Movie,Documentary,Action,2019,114.0,R,English,USA,4.1,386155.0,51575130.0,1,1,0,2024-02-29,1,0,0,0
movie_0652,Our Night,Movie,History,unknown,2015,102.0,TV-MA,English,USA,10.0,14939487.0,21771252.0,1,1,0,2024-10-15,1,0,0,0
movie_0653,House Story,Stand-up Comedy,Music,Sci-Fi,1993,334.0,TV-Y,English,South Korea,5.0,0.0,0.0,1,1,0,2025-06-05,0,0,1,1
movie_0654,Adventure Legend,Stand-up Comedy,Drama,Romance,2011,67.0,TV-Y,English,USA,6.5,0.0,0.0,1,1,0,2022-12-09,0,0,1,1
movie_0655,Hero Kingdom,Movie,Fantasy,Adventure,1995,166.0,TV-Y,English,USA,7.5,1537325.0,14483384.0,1,1,1,2022-11-10,0,0,0,0
movie_0656,Phoenix Ice,TV Series,Animation,unknown,2024,63.0,R,English,USA,4.9,0.0,0.0,6,132,1,2025-03-17,1,0,1,1
movie_0657,Battle Queen,Limited Series,Romance,unknown,2014,52.0,TV-14,English,South Korea,6.5,0.0,0.0,14,178,1,2024-08-04,0,0,1,1
movie_0658,Empire Love,TV Series,Mystery,unknown,2010,51.0,R,Japanese,USA,6.4,0.0,0.0,5,58,0,2023-09-05,1,1,1,1
movie_0659,Little Night,TV Series,Sci-Fi,unknown,2009,40.0,TV-14,English,USA,6.4,0.0,0.0,3,171,1,2025-06-01,0,1,1,1
movie_0660,Fire Secret,Movie,Adventure,unknown,1990,121.0,PG-13,English,South Korea,8.6,0.0,3300259.0,1,1,1,2023-12-04,0,0,1,0
movie_0661,House Night,Limited Series,Horror,unknown,1992,58.0,NC-17,English,South Korea,6.5,0.0,0.0,3,162,1,2021-04-22,1,0,1,1
movie_0662,Bright Family,Movie,Documentary,unknown,1997,65.0,TV-MA,English,USA,7.9,10706001.0,1631334.0,1,1,0,2020-09-13,0,0,0,0
movie_0663,Phoenix Legend,Limited Series,Biography,unknown,2008,32.0,G,English,South Korea,6.5,0.0,0.0,1,23,1,2025-05-16,0,0,1,1
movie_0664,An Princess,Movie,History,Horror,2020,107.0,TV-G,English,USA,6.5,65169386.0,16858783.0,1,1,0,2021-08-23,0,0,0,0
movie_0665,Legend Dragon,Movie,Biography,Adventure,2009,136.0,TV-MA,French,South Korea,8.7,8291129.0,10411548.0,1,1,1,2020-09-13,0,0,0,0
movie_0666,Day City,Documentary,Adventure,unknown,2014,110.0,R,English,India,9.6,0.0,0.0,1,1,0,2025-04-06,0,0,1,1
movie_0667,Empire Story,Movie,Sci-Fi,unknown,1995,143.0,TV-G,English,USA,6.7,94034621.0,38879782.0,1,1,0,2023-03-06,0,0,0,0
movie_0668,Day Journey,Movie,Crime,unknown,2013,50.0,TV-PG,Korean,South Korea,3.1,5519943.0,0.0,1,1,1,2022-02-22,0,0,0,1
movie_0669,Dark Phoenix,TV Series,Biography,unknown,2012,56.0,PG-13,English,France,6.8,0.0,0.0,3,123,0,2023-11-10,0,0,1,1
movie_0670,Phoenix Queen,Documentary,Drama,unknown,2007,72.0,TV-14,English,India,6.9,0.0,0.0,1,1,0,2021-11-23,0,0,1,1
movie_0671,War Storm,TV Series,Animation,unknown,2006,57.0,TV-Y,Hindi,USA,6.4,0.0,0.0,9,180,0,2022-10-25,0,0,1,1
movie_0672,Kingdom Dream,Movie,Biography,unknown,2011,152.0,PG-13,French,Canada,5.6,68373.0,5231163.0,1,1,0,2023-03-26,0,0,0,0
movie_0673,Fire Hero,Documentary,Fantasy,unknown,2004,141.0,TV-14,Spanish,UK,8.3,0.0,0.0,1,1,0,2024-04-24,0,0,1,1
movie_0674,Storm Night,TV Series,Adventure,Documentary,1997,77.0,TV-Y,Italian,India,7.1,0.0,0.0,2,26,0,2022-12-01,0,0,1,1
movie_0675,Phoenix Princess,TV Series,Action,unknown,2019,76.0,NC-17,German,USA,6.3,0.0,0.0,1,73,1,2021-08-11,1,0,1,1
movie_0676,Dream Hero,Movie,Adventure,Adventure,2004,174.0,TV-Y7,English,France,9.0,416301.0,268961079.0,1,1,1,2024-02-04,0,0,0,0
movie_0677,Legend Journey,Stand-up Comedy,Adventure,Crime,1991,74.0,TV-MA,Italian,UK,7.7,0.0,0.0,1,1,0,2021-03-03,0,0,1,1
movie_0678,Secret Legend,Documentary,Documentary,Family,2005,97.0,TV-Y7,French,USA,6.4,0.0,0.0,1,1,0,2023-06-25,0,1,1,1
movie_0679,Dark Dragon,Documentary,Horror,unknown,2015,87.0,TV-G,English,South Korea,5.2,0.0,0.0,1,1,0,2024-03-10,0,0,1,1
movie_0680,Battle Dream,Movie,Thriller,unknown,2007,128.0,TV-14,French,USA,7.5,846327.0,36844960.0,1,1,1,2024-07-20,0,0,0,0
movie_0681,A Family,Stand-up Comedy,Thriller,unknown,2015,27.0,PG,Spanish,Canada,7.4,0.0,0.0,1,1,0,2024-11-08,0,0,1,1
movie_0682,Old Queen,Movie,Romance,unknown,2013,111.0,G,English,South Korea,6.4,2615689.0,0.0,1,1,1,2020-11-11,1,1,0,1
movie_0683,Little Dream,Limited Series,Animation,Documentary,1998,61.0,TV-Y7,English,USA,3.7,0.0,0.0,7,120,1,2024-07-08,1,0,1,1
movie_0684,Dragon Mission,Movie,War,Fantasy,1997,137.0,TV-G,English,USA,4.6,4450850.0,0.0,1,1,0,2021-01-30,0,0,0,1
movie_0685,Family Mystery,Stand-up Comedy,Romance,unknown,1999,522.0,TV-G,Korean,USA,5.9,0.0,0.0,1,1,0,2024-12-14,0,0,1,1
movie_0686,Night Princess,TV Series,History,War,1998,12.0,TV-14,English,Canada,6.4,0.0,0.0,11,41,0,2022-09-21,0,0,1,1
movie_0687,Adventure Warrior,TV Series,Crime,unknown,2014,47.0,TV-PG,English,USA,8.4,0.0,0.0,2,57,0,2021-10-25,1,0,1,1
movie_0688,Battle Storm,Movie,Animation,unknown,2024,103.0,TV-Y,English,South Korea,4.8,2676591.0,0.0,1,1,0,2025-07-11,0,0,0,1
movie_0689,City Story,Movie,Western,Drama,2006,97.0,TV-Y,English,Germany,6.4,0.0,0.0,1,1,0,2022-10-01,1,1,1,1
movie_0690,Secret Family,Documentary,Romance,unknown,1990,100.0,TV-Y,Hindi,France,5.4,0.0,0.0,1,1,1,2022-11-22,0,0,1,1
movie_0691,Dream Adventure,Movie,Fantasy,unknown,2014,106.0,TV-PG,English,South Korea,6.4,6586991.0,23899749.0,1,1,0,2025-01-05,0,0,0,0
movie_0692,Little Phoenix,Movie,Fantasy,unknown,2002,83.0,PG-13,English,Germany,6.6,154356219.0,0.0,1,1,0,2023-02-15,0,0,0,1
movie_0693,Storm Kingdom,Movie,Crime,unknown,2016,149.0,G,Spanish,USA,6.4,0.0,0.0,1,1,1,2023-09-10,1,1,1,1
movie_0694,Kingdom Day,Movie,Action,unknown,1996,89.0,PG,English,UK,5.9,6072218.0,37239804.0,1,1,0,2023-01-14,0,0,0,0
movie_0695,Storm Journey,TV Series,Mystery,unknown,2013,52.0,PG,Korean,India,6.6,0.0,0.0,10,89,0,2021-02-15,0,0,1,1
movie_0696,House Empire,Limited Series,Biography,unknown,2010,54.0,G,Korean,USA,7.2,0.0,0.0,10,174,0,2023-08-19,0,0,1,1
movie_0697,Journey Fire,TV Series,Music,unknown,2015,38.0,TV-MA,Italian,South Korea,4.0,0.0,0.0,5,65,0,2020-08-15,0,0,1,1
movie_0698,A Adventure,Movie,Western,Romance,2018,126.0,R,English,USA,4.7,4641680.0,26325930.0,1,1,0,2023-06-21,0,0,0,0
movie_0699,Our King,TV Series,Western,Family,2007,22.0,PG,English,Canada,8.0,0.0,0.0,4,151,0,2022-07-22,0,0,1,1
movie_0700,A Secret,Movie,Biography,unknown,1995,94.0,G,English,USA,6.3,1080214.0,26058332.0,1,1,1,2024-04-09,0,0,0,0
movie_0701,Adventure Mission,Limited Series,Animation,History,2012,74.0,NC-17,Hindi,Canada,4.9,0.0,0.0,2,197,0,2024-05-08,0,0,1,1
movie_0702,Mystery Legend,Movie,Fantasy,unknown,2007,87.0,TV-MA,German,UK,6.4,55259167.0,210763420.0,1,1,0,2021-09-30,0,1,0,0
movie_0703,Mystery Legend,Movie,History,unknown,1993,128.0,R,English,Germany,5.6,9853801.0,58384599.0,1,1,1,2023-12-01,1,0,0,0
movie_0704,Dark Mystery,Movie,Western,unknown,2000,144.0,PG,English,USA,6.4,1579910.0,0.0,1,1,0,2024-11-06,0,1,0,1
movie_0705,House Secret,Stand-up Comedy,Romance,unknown,2022,61.0,PG-13,Hindi,USA,6.4,0.0,0.0,1,1,0,2025-03-08,0,1,1,1
movie_0706,New City,Movie,Drama,Mystery,2011,72.0,TV-PG,English,USA,6.4,602601.0,0.0,1,1,0,2021-03-05,1,0,0,1
movie_0707,Fire Warrior,TV Series,Romance,unknown,2003,29.0,R,Korean,India,2.6,0.0,0.0,3,143,1,2022-08-16,0,0,1,1
movie_0708,My Love,Movie,Music,unknown,2012,134.0,PG,English,USA,6.4,999917.0,93806.0,1,1,1,2022-04-17,0,1,0,0
movie_0709,Kingdom Princess,Movie,Sci-Fi,unknown,2011,109.0,TV-PG,English,UK,6.4,0.0,250370.0,1,1,0,2022-10-06,0,1,1,0
movie_0710,Little Warrior,Movie,Sci-Fi,unknown,2002,104.0,TV-MA,French,USA,8.7,1185845.0,80728679.0,1,1,0,2024-03-02,0,0,0,0
movie_0711,Empire Kingdom,Movie,Drama,Thriller,1963,92.0,G,German,Japan,7.7,3853848.0,0.0,1,1,0,2023-11-25,0,0,0,1
movie_0712,A Day,Movie,Family,unknown,1994,28.0,G,Spanish,Canada,6.4,319285.0,0.0,1,1,1,2023-11-22,1,1,0,1
movie_0713,Princess Quest,Movie,War,unknown,1992,103.0,TV-MA,Spanish,Canada,6.4,0.0,16977476.0,1,1,1,2024-05-02,1,1,1,0
movie_0714,House Dream,Limited Series,Adventure,Fantasy,2002,47.0,PG,English,USA,7.0,0.0,0.0,7,108,0,2023-11-18,1,0,1,1
movie_0715,City Mystery,Movie,Horror,unknown,2002,116.0,PG-13,English,USA,5.6,2496199.0,5147384.0,1,1,0,2024-11-07,0,0,0,0
movie_0716,Love Battle,Stand-up Comedy,War,unknown,2022,91.0,R,English,Germany,4.4,0.0,0.0,1,1,0,2020-10-15,1,0,1,1
movie_0717,Queen Legend,TV Series,Sport,unknown,1995,40.0,TV-Y,French,UK,5.1,0.0,0.0,14,147,0,2023-10-17,0,0,1,1
movie_0718,Mystery Dream,TV Series,Sci-Fi,unknown,2018,35.0,TV-MA,French,USA,7.0,0.0,0.0,7,66,0,2025-04-22,0,0,1,1
movie_0719,Warrior Dream,Movie,Sci-Fi,Drama,1991,99.0,NC-17,English,Germany,6.4,0.0,516398028.0,1,1,0,2023-10-16,0,1,1,0
movie_0720,Legend War,Stand-up Comedy,Western,History,2007,80.0,PG-13,English,USA,6.5,0.0,0.0,1,1,1,2023-11-07,0,0,1,1
movie_0721,Dream Dream,TV Series,Horror,unknown,2022,37.0,TV-Y,French,USA,5.9,0.0,0.0,6,67,0,2024-06-23,0,0,1,1
movie_0722,Battle Mission,TV Series,Romance,unknown,2024,15.0,TV-MA,Japanese,USA,5.6,0.0,0.0,3,185,1,2022-07-13,0,0,1,1
movie_0723,House Day,Documentary,Thriller,unknown,2000,128.0,TV-MA,Hindi,UK,8.0,0.0,0.0,1,1,0,2025-02-25,0,0,1,1
movie_0724,War Story,TV Series,War,unknown,2017,26.0,NC-17,English,USA,8.0,0.0,0.0,6,93,0,2022-01-24,0,0,1,1
movie_0725,Old King,Documentary,Music,unknown,2018,110.0,TV-G,Italian,USA,8.1,0.0,0.0,1,1,0,2021-03-20,0,0,1,1
movie_0726,The Mystery,Movie,Action,unknown,2021,13.0,PG-13,Korean,South Korea,6.4,0.0,0.0,1,1,0,2021-01-12,1,1,1,1
movie_0727,Last Journey,TV Series,Western,unknown,2003,41.0,TV-Y,English,UK,8.2,0.0,0.0,1,88,0,2021-11-22,0,0,1,1
movie_0728,Phoenix Day,Stand-up Comedy,Crime,unknown,1998,89.0,TV-Y7,English,UK,7.6,0.0,0.0,1,1,0,2025-04-11,0,0,1,1
movie_0729,Big Mission,Limited Series,Sci-Fi,Thriller,2011,47.0,PG-13,English,Canada,7.4,0.0,0.0,5,109,1,2022-02-03,0,0,1,1
movie_0730,Adventure Fire,Documentary,Comedy,unknown,2000,91.0,R,Spanish,France,5.1,0.0,0.0,1,1,0,2025-01-19,0,0,1,1
movie_0731,House Mission,Movie,Documentary,unknown,1998,123.0,TV-Y,English,Canada,8.6,821338.0,2563997.0,1,1,1,2024-10-27,0,0,0,0
movie_0732,Legend Ice,Stand-up Comedy,Mystery,unknown,2000,35.0,TV-PG,English,USA,6.0,0.0,0.0,1,1,1,2021-03-18,0,0,1,1
movie_0733,Story Love,Movie,Animation,Action,1992,121.0,TV-PG,English,USA,7.2,1205813.0,359088664.0,1,1,0,2024-08-24,0,0,0,0
movie_0734,Queen Warrior,TV Series,Adventure,unknown,2017,62.0,TV-Y7,English,Canada,6.5,0.0,0.0,3,64,0,2024-08-15,0,0,1,1
movie_0735,Princess Hero,Documentary,Fantasy,Biography,2001,107.0,PG,German,USA,9.2,0.0,0.0,1,1,0,2024-04-01,1,0,1,1
movie_0736,Mystery Legend,Stand-up Comedy,Music,unknown,2004,69.0,PG,German,Germany,6.3,0.0,0.0,1,1,0,2021-09-09,1,0,1,1
movie_0737,Legend Love,Movie,Comedy,unknown,2024,117.0,TV-Y7,Spanish,USA,6.3,3778470.0,57571931.0,1,1,0,2021-05-31,0,0,0,0
movie_0738,Mission Storm,Movie,Animation,unknown,2020,107.0,TV-G,English,USA,6.4,5259672.0,10814474.0,1,1,0,2025-01-07,1,1,0,0
movie_0739,Love Warrior,Movie,Action,unknown,2020,121.0,NC-17,Japanese,UK,7.1,3121206.0,3827361.0,1,1,1,2024-11-14,0,0,0,0
movie_0740,City Mystery,Movie,Animation,unknown,2011,119.0,PG,German,USA,5.5,1882096.0,0.0,1,1,0,2023-07-31,0,0,0,1
movie_0741,Our Love,Movie,Mystery,unknown,1992,131.0,G,English,UK,4.1,1703864.0,2238705.0,1,1,0,2023-04-08,0,0,0,0
movie_0742,Battle City,Movie,Thriller,unknown,2009,117.0,TV-MA,English,USA,6.3,4127966.0,782958.0,1,1,0,2024-10-16,0,0,0,0
movie_0743,Phoenix City,Documentary,Documentary,unknown,2015,68.0,PG,Korean,Japan,8.1,0.0,0.0,1,1,1,2023-05-29,0,0,1,1
movie_0744,A Adventure,Stand-up Comedy,Documentary,unknown,1994,49.0,G,English,South Korea,6.4,0.0,0.0,1,1,0,2022-04-19,0,1,1,1
movie_0745,Warrior Mystery,TV Series,Music,Animation,2000,54.0,TV-MA,English,USA,6.4,0.0,0.0,1,157,0,2025-04-29,1,1,1,1
movie_0746,Fire Journey,Movie,Music,unknown,1995,82.0,TV-MA,Hindi,USA,0.8,954741.0,0.0,1,1,0,2025-03-09,0,0,0,1
movie_0747,Last King,Movie,Biography,unknown,2000,120.0,PG,Japanese,South Korea,9.3,0.0,0.0,1,1,0,2023-04-21,0,0,1,1
movie_0748,War Love,Documentary,Western,Sci-Fi,2020,90.0,TV-PG,Italian,South Korea,4.6,0.0,0.0,1,1,1,2024-12-21,0,0,1,1
movie_0749,Queen Princess,TV Series,Documentary,Horror,2016,32.0,TV-Y,English,USA,6.1,0.0,0.0,14,155,0,2022-03-17,0,0,1,1
movie_0750,City Dream,TV Series,History,Romance,2021,17.0,TV-Y,English,USA,5.1,0.0,0.0,9,97,1,2024-03-03,0,0,1,1
movie_0751,City Secret,Movie,Animation,unknown,1997,120.0,TV-MA,German,UK,4.8,19469161.0,0.0,1,1,0,2024-12-29,0,0,0,1
movie_0752,House Story,Movie,Horror,Sci-Fi,2014,98.0,PG-13,English,USA,4.6,0.0,379710483.0,1,1,1,2021-12-28,0,0,1,0
movie_0753,Kingdom Fire,Movie,Action,unknown,2002,522.0,PG,English,USA,4.7,3194690.0,33685913.0,1,1,1,2021-12-26,1,0,0,0
movie_0754,Kingdom Princess,TV Series,Western,Music,2002,38.0,PG-13,Hindi,USA,6.4,0.0,0.0,3,94,0,2021-08-08,0,1,1,1
movie_0755,Adventure Princess,TV Series,Action,unknown,2005,67.0,TV-Y7,English,UK,3.7,0.0,0.0,14,35,1,2022-06-13,0,0,1,1
movie_0756,Dark Day,Documentary,Fantasy,Horror,2002,105.0,PG,Spanish,UK,5.9,0.0,0.0,1,1,1,2025-07-06,0,0,1,1
movie_0757,Old Night,Movie,War,unknown,1994,128.0,TV-Y,Korean,South Korea,6.2,1188048.0,1810400.0,1,1,0,2022-06-27,0,0,0,0
movie_0758,Quest Mystery,Documentary,Sport,Thriller,2006,124.0,PG-13,English,USA,7.7,0.0,0.0,1,1,1,2023-08-11,0,0,1,1
movie_0759,Legend King,Documentary,Action,Sci-Fi,2012,75.0,PG-13,Spanish,South Korea,8.1,0.0,0.0,1,1,0,2025-02-10,0,0,1,1
movie_0760,Empire Love,TV Series,Sci-Fi,unknown,2021,43.0,TV-Y7,English,Japan,7.1,0.0,0.0,8,197,1,2024-09-23,1,0,1,1
movie_0761,Dragon Day,Movie,Sport,unknown,2005,88.0,PG,Korean,USA,9.5,1505916.0,0.0,1,1,1,2025-06-16,0,0,0,1
movie_0762,A Mystery,Movie,Family,Western,1997,105.0,R,English,Japan,7.8,2121696.0,0.0,1,1,1,2021-09-23,0,0,0,1
movie_0763,My Dragon,Movie,Comedy,Family,2007,93.0,TV-PG,Japanese,France,9.2,958475.0,1245159.0,1,1,0,2023-05-22,1,0,0,0
movie_0764,House Day,Documentary,Biography,History,2011,82.0,TV-14,English,USA,6.4,0.0,0.0,1,1,1,2024-01-31,1,1,1,1
movie_0765,War Phoenix,TV Series,Documentary,unknown,2003,439.0,TV-Y,German,USA,6.4,0.0,0.0,7,6,0,2021-05-12,0,1,1,1
movie_0766,Mission Empire,Movie,Fantasy,unknown,2000,131.0,TV-Y7,English,UK,8.4,195174.0,0.0,1,1,1,2021-04-01,1,0,0,1
movie_0767,Old Fire,Movie,Mystery,unknown,2007,94.0,TV-14,English,USA,6.9,1521182.0,0.0,1,1,0,2023-07-27,0,0,0,1
movie_0768,Hero Secret,Stand-up Comedy,Biography,Music,2007,60.0,PG,Hindi,UK,6.4,0.0,0.0,1,1,0,2024-02-26,1,1,1,1
movie_0769,King Day,Movie,Music,unknown,2016,129.0,TV-Y7,English,Canada,7.7,0.0,59950273.0,1,1,0,2024-06-24,0,0,1,0
movie_0770,Kingdom Dream,Limited Series,Family,Drama,2008,30.0,TV-G,English,USA,5.9,0.0,0.0,8,90,0,2022-09-27,0,0,1,1
movie_0771,First Quest,Stand-up Comedy,Horror,unknown,1992,30.0,NC-17,English,USA,7.2,0.0,0.0,1,1,0,2024-07-26,0,0,1,1
movie_0772,The Story,Documentary,Thriller,Fantasy,2012,101.0,PG-13,English,France,5.5,0.0,0.0,1,1,1,2023-09-03,0,0,1,1
movie_0773,Dragon Princess,TV Series,Mystery,unknown,2022,42.0,G,English,USA,8.8,0.0,0.0,3,191,0,2022-12-10,0,0,1,1
movie_0774,War Adventure,Movie,War,unknown,2015,105.0,TV-PG,English,USA,7.4,39546152.0,334149698.0,1,1,0,2020-12-29,0,0,0,0
movie_0775,An Empire,Movie,Biography,unknown,2002,137.0,TV-Y7,English,South Korea,6.4,0.0,289539.0,1,1,0,2025-04-13,0,1,1,0
movie_0776,My Quest,TV Series,Sport,Sci-Fi,2016,38.0,TV-PG,English,USA,8.6,0.0,0.0,6,90,0,2023-12-09,0,0,1,1
movie_0777,House Dragon,Movie,Comedy,Drama,2018,73.0,TV-Y,English,USA,6.7,0.0,0.0,1,1,1,2023-11-30,0,0,1,1
movie_0778,Princess House,TV Series,History,Crime,2012,61.0,PG-13,English,India,6.4,0.0,0.0,1,15,0,2025-07-18,0,1,1,1
movie_0779,New Family,Stand-up Comedy,Family,Family,2023,70.0,TV-MA,English,South Korea,7.0,0.0,0.0,1,1,0,2022-12-14,0,0,1,1
movie_0780,Dream Warrior,Movie,Romance,Action,1998,93.0,TV-Y,Spanish,USA,10.0,1359172.0,2925013.0,1,1,0,2022-07-09,0,0,0,0
movie_0781,First House,Documentary,War,unknown,2003,86.0,TV-14,English,UK,1.7,0.0,0.0,1,1,1,2021-06-14,0,0,1,1
movie_0782,Last Princess,Movie,Crime,unknown,2020,98.0,R,Hindi,France,8.0,0.0,131032034.0,1,1,1,2023-12-21,1,0,1,0
movie_0783,Love Journey,Movie,Horror,Animation,2015,109.0,TV-G,Hindi,USA,7.9,23460063.0,256361930.0,1,1,0,2025-01-08,0,0,0,0
movie_0784,Kingdom Kingdom,Movie,Adventure,unknown,2003,111.0,G,German,Canada,3.0,0.0,0.0,1,1,0,2025-01-02,0,0,1,1
movie_0785,Dragon Family,TV Series,Adventure,Western,1993,46.0,TV-Y7,English,USA,6.8,0.0,0.0,7,101,1,2025-08-01,0,0,1,1
movie_0786,War House,Stand-up Comedy,Comedy,unknown,2017,82.0,PG-13,German,France,6.4,0.0,0.0,1,1,1,2025-06-08,0,0,1,1
movie_0787,An Family,Movie,Animation,unknown,1999,11.0,TV-PG,Italian,USA,6.5,0.0,3662515.0,1,1,0,2024-02-08,0,0,1,0
movie_0788,Day Warrior,Stand-up Comedy,Documentary,Animation,2024,44.0,TV-Y7,Spanish,South Korea,6.0,0.0,0.0,1,1,1,2021-10-10,0,0,1,1
movie_0789,Adventure Quest,Movie,Action,Drama,1996,123.0,PG,Hindi,UK,5.2,1252871.0,1563002.0,1,1,0,2025-02-08,0,0,0,0
movie_0790,An Night,Documentary,War,Animation,2020,131.0,TV-Y,English,USA,7.1,0.0,0.0,1,1,0,2025-01-22,0,0,1,1
movie_0791,City Fire,TV Series,Documentary,unknown,2023,36.0,PG,English,Canada,6.1,0.0,0.0,3,144,0,2021-05-06,0,0,1,1
movie_0792,Princess King,Movie,Biography,unknown,1998,146.0,TV-PG,English,Japan,6.8,2068155.0,57012483.0,1,1,0,2025-06-10,0,0,0,0
movie_0793,Bright Secret,TV Series,Sport,unknown,2022,36.0,TV-Y7,Spanish,USA,6.0,0.0,0.0,4,69,1,2022-11-17,0,0,1,1
movie_0794,Warrior War,Movie,Sport,unknown,1991,102.0,TV-PG,English,Japan,6.4,5565586.0,16023137.0,1,1,0,2022-10-20,1,1,0,0
movie_0795,Big Fire,Movie,Documentary,unknown,1993,89.0,TV-Y7,Spanish,USA,5.0,52194839.0,10221506.0,1,1,0,2020-12-09,0,0,0,0
movie_0796,Bright Mystery,Movie,War,Documentary,1999,140.0,TV-14,English,USA,6.4,301637.0,12090436.0,1,1,1,2022-12-13,0,1,0,0
movie_0797,Fire Night,TV Series,Animation,unknown,1990,29.0,TV-MA,Spanish,USA,6.6,0.0,0.0,9,90,1,2021-06-06,0,0,1,1
movie_0798,Queen Adventure,Movie,Adventure,Comedy,2019,108.0,TV-PG,English,France,5.5,6555080.0,0.0,1,1,0,2023-08-25,0,0,0,1
movie_0799,Fire Secret,TV Series,Crime,unknown,1992,39.0,TV-PG,English,USA,8.3,0.0,0.0,11,163,1,2023-03-11,0,0,1,1
movie_0800,House Fire,Stand-up Comedy,Horror,unknown,1990,63.0,TV-PG,English,USA,0.8,0.0,0.0,1,1,0,2021-08-18,0,0,1,1
movie_0801,House Legend,Limited Series,Thriller,War,2022,83.0,TV-MA,English,USA,6.3,0.0,0.0,12,22,1,2025-04-11,0,0,1,1
movie_0802,Day Dragon,TV Series,Adventure,unknown,2006,45.0,G,French,South Korea,6.2,0.0,0.0,2,174,0,2021-03-13,0,0,1,1
movie_0803,Story Mystery,Stand-up Comedy,Action,unknown,2004,79.0,TV-Y,Japanese,Japan,6.4,0.0,0.0,1,1,0,2022-07-13,0,1,1,1
movie_0804,Battle Queen,Movie,Mystery,unknown,2000,118.0,TV-Y,English,UK,7.0,0.0,0.0,1,1,0,2025-01-22,0,0,1,1
movie_0805,Family Kingdom,Stand-up Comedy,Action,Adventure,1990,70.0,NC-17,English,France,2.9,0.0,0.0,1,1,1,2024-11-23,0,0,1,1
movie_0806,Dream Love,TV Series,Mystery,unknown,2014,31.0,TV-Y7,English,USA,6.4,0.0,0.0,3,113,1,2022-01-25,0,1,1,1
movie_0807,Mystery Quest,Movie,Sci-Fi,unknown,2017,110.0,TV-G,English,UK,7.2,0.0,1333829.0,1,1,0,2024-12-02,0,0,1,0
movie_0808,Ice Storm,TV Series,Fantasy,unknown,2006,42.0,TV-G,Japanese,USA,8.4,0.0,0.0,7,159,0,2025-04-12,0,0,1,1
movie_0809,Kingdom Dragon,Stand-up Comedy,Music,unknown,2009,69.0,TV-14,Korean,USA,6.3,0.0,0.0,1,1,0,2020-08-08,0,0,1,1
movie_0810,Love Battle,Movie,Documentary,unknown,2001,94.0,TV-Y,English,UK,7.5,2350232.0,0.0,1,1,0,2024-05-09,0,0,0,1
movie_0811,Battle King,TV Series,Thriller,Drama,1998,22.0,TV-MA,English,Canada,5.2,0.0,0.0,13,177,1,2020-11-24,0,0,1,1
movie_0812,Quest Night,Documentary,Music,Action,1992,98.0,R,English,USA,6.4,0.0,0.0,1,1,0,2021-07-20,0,1,1,1
movie_0813,Secret Night,Movie,Documentary,Drama,2001,146.0,TV-Y7,English,UK,6.3,14288760.0,3455247.0,1,1,1,2021-07-08,0,0,0,0
movie_0814,Adventure Legend,TV Series,Adventure,unknown,2004,62.0,TV-Y7,Korean,USA,6.3,0.0,0.0,11,13,0,2022-03-04,0,0,1,1
movie_0815,Story Battle,Stand-up Comedy,Thriller,unknown,2012,50.0,TV-PG,Italian,USA,6.4,0.0,0.0,1,1,0,2021-08-09,0,1,1,1
movie_0816,Legend Empire,Stand-up Comedy,Western,unknown,2010,55.0,PG-13,Japanese,South Korea,7.0,0.0,0.0,1,1,0,2022-06-07,0,0,1,1
movie_0817,Story Legend,Stand-up Comedy,Drama,Mystery,2006,47.0,TV-G,Hindi,USA,6.4,0.0,0.0,1,1,1,2021-09-11,0,1,1,1
movie_0818,Our King,Documentary,History,Biography,1997,71.0,PG,English,South Korea,6.6,0.0,0.0,1,1,1,2021-09-12,1,0,1,1
movie_0819,Night House,Movie,Horror,unknown,2019,78.0,NC-17,English,USA,0.6,0.0,0.0,1,1,0,2024-10-15,1,0,1,1
movie_0820,Fire Phoenix,TV Series,Fantasy,unknown,1993,53.0,TV-Y,French,UK,6.4,0.0,0.0,12,178,0,2020-12-02,0,1,1,1
movie_0821,Hero King,Movie,Sci-Fi,unknown,2011,109.0,NC-17,Spanish,USA,4.0,821340.0,0.0,1,1,0,2023-12-20,0,0,0,1
movie_0822,Family Mystery,TV Series,War,Family,2002,47.0,TV-PG,English,USA,6.8,0.0,0.0,9,91,0,2021-02-19,0,0,1,1
movie_0823,Adventure Ice,Movie,Comedy,unknown,1992,87.0,TV-PG,English,UK,6.4,527595.0,0.0,1,1,0,2022-01-15,0,1,0,1
movie_0824,War Queen,Movie,Comedy,unknown,1998,136.0,PG-13,English,Japan,6.3,14508562.0,7872086.0,1,1,0,2021-03-22,0,0,0,0
movie_0825,Warrior Story,Movie,Romance,unknown,2008,131.0,TV-Y7,Spanish,USA,6.4,2565082.0,6970808.0,1,1,1,2020-09-28,0,1,0,0
movie_0826,Dark Adventure,Stand-up Comedy,Adventure,unknown,2014,53.0,TV-Y,English,USA,5.0,0.0,0.0,1,1,1,2023-04-13,0,0,1,1
movie_0827,Mystery House,Movie,Family,Biography,2021,139.0,R,Hindi,USA,6.4,0.0,2642562.0,1,1,1,2024-10-22,0,1,1,0
movie_0828,My Fire,Movie,Sport,Adventure,2010,92.0,PG-13,English,Canada,7.1,6655248.0,12028987.0,1,1,0,2024-08-27,0,0,0,0
movie_0829,A Dream,Movie,Sci-Fi,Comedy,2017,149.0,PG-13,English,USA,6.9,24683583.0,12557644.0,1,1,1,2022-07-14,0,0,0,0
movie_0830,Storm Mystery,Movie,Comedy,unknown,2019,144.0,TV-MA,French,USA,10.0,29920808.0,476337.0,1,1,0,2023-09-25,0,0,0,0
movie_0831,Quest Hero,Documentary,Fantasy,unknown,2018,91.0,G,English,France,7.0,0.0,0.0,1,1,1,2023-09-01,0,0,1,1
movie_0832,Dark Princess,Movie,Mystery,unknown,2024,123.0,R,English,USA,7.5,7530143.0,3531986.0,1,1,0,2023-11-25,0,0,0,0
movie_0833,Mystery Mystery,Movie,Biography,unknown,1999,114.0,PG,Korean,USA,4.0,42562175.0,4613013.0,1,1,0,2022-09-13,0,0,0,0
movie_0834,The Mission,TV Series,Crime,unknown,2009,25.0,TV-14,Japanese,USA,7.1,0.0,0.0,1,118,0,2024-01-22,0,0,1,1
movie_0835,Bright Ice,Movie,Mystery,unknown,2021,95.0,TV-14,French,South Korea,7.9,1167789.0,819792.0,1,1,1,2021-06-10,0,0,0,0
movie_0836,Our Legend,Movie,War,unknown,2015,113.0,TV-Y7,Korean,USA,6.4,484647.0,212752946.0,1,1,0,2021-07-04,1,0,0,0
movie_0837,Princess Adventure,Movie,Action,Adventure,2015,140.0,TV-Y,Korean,USA,4.9,0.0,0.0,1,1,0,2024-07-06,1,0,1,1
movie_0838,Adventure Hero,TV Series,Western,unknown,2018,50.0,TV-14,English,France,8.1,0.0,0.0,5,121,0,2023-10-10,0,0,1,1
movie_0839,Journey War,Movie,War,Music,1991,153.0,PG-13,English,UK,8.4,5258946.0,0.0,1,1,0,2025-05-06,0,0,0,1
movie_0840,Family Kingdom,Movie,Adventure,unknown,2016,107.0,TV-14,English,USA,5.1,1028211.0,0.0,1,1,0,2024-02-17,0,0,0,1
movie_0841,Day Mystery,Movie,Mystery,unknown,1997,113.0,PG,French,USA,6.0,4169507.0,219618052.0,1,1,0,2024-02-03,0,0,0,0
movie_0842,Storm Mission,Movie,Action,unknown,1996,28.0,PG,Korean,USA,4.4,0.0,2667223.0,1,1,1,2022-09-24,1,0,1,0
movie_0843,War Fire,Movie,Comedy,Family,1998,60.0,PG-13,English,USA,4.8,2630439.0,0.0,1,1,0,2024-03-28,0,0,0,1
movie_0844,Journey Story,Movie,Comedy,Comedy,2001,67.0,R,English,USA,5.1,1204081.0,0.0,1,1,0,2024-09-25,1,0,0,1
movie_0845,Little House,TV Series,Thriller,unknown,1996,40.0,TV-MA,Spanish,South Korea,8.0,0.0,0.0,12,52,0,2024-03-16,0,0,1,1
movie_0846,Storm Family,Stand-up Comedy,Action,Mystery,2024,61.0,TV-MA,English,USA,4.8,0.0,0.0,1,1,0,2024-03-03,1,0,1,1
movie_0847,Mystery War,TV Series,Action,unknown,1992,63.0,NC-17,English,Canada,9.1,0.0,0.0,9,176,0,2024-10-05,1,0,1,1
movie_0848,Dark Fire,Limited Series,Biography,Biography,2014,61.0,NC-17,French,USA,3.8,0.0,0.0,5,55,1,2021-12-16,0,0,1,1
movie_0849,House King,Movie,Adventure,unknown,1994,136.0,TV-MA,English,South Korea,5.3,1868982.0,134002064.0,1,1,0,2021-03-02,0,0,0,0
movie_0850,Mystery City,Movie,Horror,unknown,1999,109.0,TV-Y,English,USA,4.3,50678574.0,0.0,1,1,1,2022-09-03,1,0,0,1
movie_0851,City Battle,Stand-up Comedy,Fantasy,unknown,2003,58.0,TV-MA,English,UK,6.8,0.0,0.0,1,1,0,2025-01-06,0,0,1,1
movie_0852,Dream Hero,TV Series,Family,Western,2004,34.0,TV-PG,English,Canada,6.4,0.0,0.0,8,58,0,2025-04-28,1,1,1,1
movie_0853,Family Journey,TV Series,Fantasy,unknown,2018,37.0,TV-Y,French,South Korea,6.4,0.0,0.0,7,25,0,2021-09-08,1,1,1,1
movie_0854,Dark House,Movie,Fantasy,unknown,2012,117.0,PG-13,English,USA,7.8,859774.0,0.0,1,1,1,2024-07-16,0,0,0,1
movie_0855,First Night,Movie,Animation,unknown,2024,137.0,TV-PG,Korean,France,7.0,5430130.0,17526308.0,1,1,0,2021-06-05,0,0,0,0
movie_0856,Big King,Movie,Fantasy,unknown,2017,76.0,R,English,South Korea,3.3,37318670.0,0.0,1,1,0,2022-06-13,1,0,0,1
movie_0857,Day Warrior,Stand-up Comedy,Sport,Thriller,2011,61.0,R,English,Canada,3.7,0.0,0.0,1,1,0,2024-01-19,0,0,1,1
movie_0858,Fire Mystery,TV Series,Horror,unknown,1997,28.0,TV-PG,French,USA,4.6,0.0,0.0,5,68,1,2024-03-21,0,0,1,1
movie_0859,First Mission,Documentary,Action,Western,2017,98.0,PG-13,English,USA,5.3,0.0,0.0,1,1,1,2022-06-24,1,0,1,1
movie_0860,Our Love,Stand-up Comedy,Animation,unknown,2020,40.0,TV-14,English,USA,6.4,0.0,0.0,1,1,0,2021-05-06,0,1,1,1
movie_0861,Night Journey,Documentary,Western,History,2022,50.0,PG-13,Italian,USA,7.7,0.0,0.0,1,1,1,2024-06-16,0,0,1,1
movie_0862,Day Quest,Stand-up Comedy,Family,unknown,2002,530.0,TV-MA,Hindi,South Korea,6.3,0.0,0.0,1,1,0,2020-11-27,0,0,1,1
movie_0863,Fire House,Movie,Music,Mystery,2003,139.0,TV-14,French,USA,7.3,0.0,0.0,1,1,1,2025-07-15,0,0,1,1
movie_0864,Dragon Hero,Movie,Sci-Fi,unknown,2012,100.0,G,English,USA,5.7,0.0,17337817.0,1,1,0,2024-01-30,0,0,1,0
movie_0865,Dark Mission,Movie,Sport,Biography,2022,118.0,R,French,USA,8.4,8577151.0,116808765.0,1,1,0,2025-06-04,0,0,0,0
movie_0866,Love King,TV Series,Comedy,unknown,1997,75.0,G,English,Japan,4.1,0.0,0.0,10,44,0,2022-10-18,0,0,1,1
movie_0867,Story Legend,Documentary,Mystery,unknown,2008,103.0,TV-G,Spanish,South Korea,9.6,0.0,0.0,1,1,0,2022-04-21,1,0,1,1
movie_0868,War Empire,TV Series,Crime,Horror,1965,77.0,PG-13,English,France,6.5,0.0,0.0,1,150,0,2021-09-29,0,0,1,1
movie_0869,Old City,Movie,Animation,unknown,2001,74.0,G,English,USA,5.8,341904.0,6047181.0,1,1,0,2023-03-10,0,0,0,0
movie_0870,Little Phoenix,Documentary,Music,Romance,2022,100.0,TV-PG,English,France,6.4,0.0,0.0,1,1,1,2021-03-14,0,1,1,1
movie_0871,Princess City,TV Series,Animation,unknown,1994,80.0,G,English,USA,5.6,0.0,0.0,2,144,1,2023-01-01,0,0,1,1
movie_0872,Journey Journey,Documentary,Action,unknown,1996,46.0,NC-17,English,USA,7.1,0.0,0.0,1,1,0,2022-04-02,0,0,1,1
movie_0873,The City,Movie,Western,Music,2000,130.0,NC-17,English,USA,5.5,5203135.0,14104172.0,1,1,1,2024-03-19,1,0,0,0
movie_0874,Family Legend,Limited Series,Romance,unknown,2017,81.0,PG-13,English,USA,6.0,0.0,0.0,12,133,0,2023-04-22,1,0,1,1
movie_0875,Empire Dragon,Limited Series,Fantasy,Crime,2016,41.0,NC-17,English,USA,6.2,0.0,0.0,8,156,1,2024-01-10,0,0,1,1
movie_0876,Mystery War,TV Series,Action,unknown,2018,31.0,G,French,India,6.4,0.0,0.0,8,182,0,2023-08-20,0,1,1,1
movie_0877,Family Dragon,Movie,Sci-Fi,unknown,2016,122.0,TV-PG,Japanese,France,6.4,15085716.0,0.0,1,1,1,2024-09-27,0,0,0,1
movie_0878,Mystery Battle,TV Series,Animation,Biography,2021,65.0,TV-Y,Spanish,Canada,7.0,0.0,0.0,8,48,0,2020-10-29,0,0,1,1
movie_0879,Storm Fire,TV Series,Action,Family,1998,37.0,TV-Y,English,USA,7.5,0.0,0.0,7,65,0,2025-03-16,0,0,1,1
movie_0880,My Dragon,Movie,Drama,unknown,2002,94.0,TV-Y7,Italian,USA,8.5,29878063.0,2421257.0,1,1,0,2022-02-21,0,0,0,0
movie_0881,Adventure Dream,Movie,Comedy,unknown,1993,121.0,TV-G,Italian,USA,4.5,0.0,13043639.0,1,1,0,2024-11-23,0,0,1,0
movie_0882,Little Mystery,TV Series,Horror,unknown,2002,52.0,TV-MA,English,USA,6.4,0.0,0.0,12,81,0,2021-05-06,0,1,1,1
movie_0883,An Mission,TV Series,Mystery,unknown,2008,17.0,G,English,India,5.4,0.0,0.0,2,156,0,2021-09-22,0,0,1,1
movie_0884,Queen King,Movie,Animation,unknown,2000,74.0,TV-G,English,Japan,9.0,3791520.0,0.0,1,1,0,2021-07-30,0,0,0,1
movie_0885,Battle Fire,Movie,Comedy,unknown,2015,74.0,TV-MA,English,USA,6.4,2627377.0,10816317.0,1,1,0,2025-02-26,0,1,0,0
movie_0886,Empire King,Stand-up Comedy,Adventure,unknown,2015,51.0,R,German,Canada,5.7,0.0,0.0,1,1,0,2023-12-17,0,0,1,1
movie_0887,Warrior Phoenix,Movie,Music,Music,2004,115.0,G,English,USA,4.1,25132790.0,165389163.0,1,1,0,2023-03-09,0,0,0,0
movie_0888,Adventure Phoenix,Limited Series,Documentary,Fantasy,2009,61.0,PG,English,South Korea,7.1,0.0,0.0,14,196,1,2024-06-20,0,0,1,1
movie_0889,Love Princess,Stand-up Comedy,Crime,War,2002,71.0,TV-Y,Spanish,Japan,5.9,0.0,0.0,1,1,0,2024-06-21,0,0,1,1
movie_0890,War Fire,Movie,Music,unknown,2008,14.0,TV-Y7,English,USA,6.4,9796514.0,9922315.0,1,1,1,2025-06-07,0,1,0,0
movie_0891,Ice House,Movie,Western,Thriller,2018,81.0,TV-Y7,French,UK,8.6,6422267.0,1560245.0,1,1,0,2024-08-29,0,0,0,0
movie_0892,Dark Dragon,Documentary,Documentary,Documentary,1991,79.0,NC-17,Spanish,South Korea,5.1,0.0,0.0,1,1,0,2024-05-16,0,0,1,1
movie_0893,Love Mission,Movie,Adventure,unknown,2011,27.0,G,English,USA,6.7,1945287.0,587723.0,1,1,1,2025-07-15,1,0,0,0
movie_0894,Mystery Secret,Movie,Thriller,Drama,2013,155.0,NC-17,Italian,South Korea,6.4,5902404.0,803661496.0,1,1,0,2021-04-12,1,1,0,0
movie_0895,House War,Movie,Animation,unknown,2014,82.0,TV-PG,English,USA,7.5,1647411.0,0.0,1,1,0,2025-03-18,0,0,0,1
movie_0896,Phoenix Hero,Documentary,Romance,unknown,2018,76.0,NC-17,English,Japan,6.6,0.0,0.0,1,1,1,2023-09-30,1,0,1,1
movie_0897,First Storm,Movie,Western,unknown,1995,456.0,TV-MA,English,USA,9.5,0.0,0.0,1,1,1,2021-03-10,0,0,1,1
movie_0898,First Family,Movie,Adventure,Sci-Fi,2008,125.0,TV-14,English,Canada,8.9,0.0,9257237.0,1,1,1,2021-08-28,1,0,1,0
movie_0899,City Phoenix,Stand-up Comedy,History,unknown,2002,43.0,NC-17,Spanish,USA,6.6,0.0,0.0,1,1,0,2020-12-19,0,0,1,1
movie_0900,Ice Love,Documentary,Drama,unknown,2001,66.0,NC-17,Japanese,USA,9.5,0.0,0.0,1,1,1,2022-07-24,0,0,1,1
movie_0901,First Hero,TV Series,War,Animation,2013,28.0,PG-13,English,USA,4.7,0.0,0.0,2,30,0,2020-08-12,0,0,1,1
movie_0902,Mystery Ice,TV Series,Action,Drama,2004,41.0,NC-17,English,USA,3.7,0.0,0.0,14,56,1,2024-10-22,1,0,1,1
movie_0903,Secret Battle,Stand-up Comedy,Animation,unknown,2024,63.0,TV-14,German,USA,8.3,0.0,0.0,1,1,0,2023-08-30,0,0,1,1
movie_0904,Battle Mission,Movie,Biography,unknown,2007,106.0,PG-13,Hindi,USA,5.0,15460729.0,12117921.0,1,1,0,2023-07-20,0,0,0,0
movie_0905,Dark Quest,Movie,Adventure,unknown,2020,153.0,TV-Y,English,USA,6.3,0.0,52461237.0,1,1,1,2024-02-17,0,0,1,0
movie_0906,Mystery Mystery,Movie,Fantasy,Western,2018,93.0,PG-13,English,USA,3.5,2480786.0,0.0,1,1,1,2023-06-07,0,0,0,1
movie_0907,Phoenix Secret,Limited Series,Romance,unknown,1993,59.0,TV-Y,English,Japan,4.2,0.0,0.0,1,189,1,2023-08-14,0,0,1,1
movie_0908,Love War,Movie,Sport,unknown,1990,86.0,TV-Y,English,USA,6.2,4103654.0,6858445.0,1,1,0,2021-06-13,0,0,0,0
movie_0909,Day Mission,Movie,Romance,Fantasy,2000,86.0,PG-13,German,USA,7.1,3817917.0,7105587.0,1,1,0,2021-09-12,0,0,0,0
movie_0910,Night Battle,Stand-up Comedy,Thriller,Western,2000,62.0,PG,English,USA,6.2,0.0,0.0,1,1,0,2021-03-21,0,0,1,1
movie_0911,Bright Dragon,Stand-up Comedy,Thriller,unknown,2018,55.0,TV-14,English,USA,7.9,0.0,0.0,1,1,0,2022-09-23,1,0,1,1
movie_0912,Mission Night,Stand-up Comedy,Adventure,unknown,2015,72.0,TV-Y7,English,USA,2.6,0.0,0.0,1,1,0,2023-01-10,0,0,1,1
movie_0913,Empire Secret,TV Series,Crime,Sport,2020,29.0,TV-G,Japanese,UK,7.8,0.0,0.0,2,70,1,2024-04-25,0,0,1,1
movie_0914,Love Secret,Movie,Music,Western,2018,100.0,R,English,USA,3.3,8658634.0,0.0,1,1,0,2023-03-19,1,0,0,1
movie_0915,Journey Adventure,TV Series,Romance,Fantasy,2004,36.0,PG-13,English,France,8.8,0.0,0.0,11,27,1,2025-07-10,0,0,1,1
movie_0916,Adventure Dream,Movie,Documentary,unknown,2017,97.0,G,English,USA,7.7,5230091.0,310864542.0,1,1,1,2022-03-28,0,0,0,0
movie_0917,Adventure Ice,Movie,Adventure,unknown,2004,65.0,TV-PG,German,UK,6.4,2308408.0,37466547.0,1,1,0,2021-07-21,0,1,0,0
movie_0918,Secret Phoenix,Stand-up Comedy,Sport,unknown,2002,59.0,TV-PG,English,South Korea,6.4,0.0,0.0,1,1,0,2021-02-08,0,0,1,1
movie_0919,The War,Movie,War,Sport,2012,99.0,TV-Y7,English,USA,4.5,2037924.0,6245998.0,1,1,0,2022-10-08,1,0,0,0
movie_0920,Story Warrior,Movie,Music,unknown,1998,129.0,R,English,Canada,10.0,1568923.0,910439.0,1,1,0,2021-07-11,0,0,0,0
movie_0921,Phoenix House,Movie,War,Thriller,1998,114.0,TV-MA,Hindi,Japan,7.1,0.0,17204463.0,1,1,0,2024-01-14,0,0,1,0
movie_0922,Our Story,Movie,Crime,unknown,2017,118.0,NC-17,French,Canada,8.0,0.0,0.0,1,1,1,2024-11-29,1,0,1,1
movie_0923,Last Phoenix,TV Series,Adventure,Fantasy,1995,45.0,TV-Y7,English,USA,5.7,0.0,0.0,4,182,0,2020-08-20,1,0,1,1
movie_0924,Fire King,TV Series,Drama,unknown,2022,64.0,PG,Spanish,USA,6.4,0.0,0.0,1,98,0,2021-07-22,0,1,1,1
movie_0925,Quest Princess,Movie,Mystery,unknown,2005,134.0,TV-G,English,France,6.2,16797086.0,0.0,1,1,0,2025-06-16,0,0,0,1
movie_0926,Family Queen,Movie,Sci-Fi,Action,2024,125.0,NC-17,Spanish,USA,6.4,0.0,10714224.0,1,1,0,2024-05-02,0,1,1,0
movie_0927,Fire Ice,TV Series,Sci-Fi,unknown,2008,40.0,TV-G,French,France,6.7,0.0,0.0,12,37,1,2022-09-03,1,0,1,1
movie_0928,Little Dream,TV Series,Horror,unknown,2008,54.0,PG,Spanish,USA,5.9,0.0,0.0,5,131,0,2023-12-13,0,0,1,1
movie_0929,Fire King,Movie,Adventure,unknown,2001,144.0,G,English,USA,6.4,6055248.0,54612.0,1,1,0,2023-01-26,0,0,0,0
movie_0930,Dark Day,Limited Series,Animation,History,1991,18.0,TV-14,English,Canada,5.8,0.0,0.0,8,99,0,2025-04-30,0,0,1,1
movie_0931,Family King,Movie,War,unknown,2011,91.0,TV-Y,English,USA,4.2,6878404.0,2032055569.0,1,1,0,2020-08-12,0,0,0,0
movie_0932,Hero Empire,Limited Series,Sci-Fi,Adventure,1992,63.0,NC-17,English,USA,9.0,0.0,0.0,6,46,0,2021-04-22,0,0,1,1
movie_0933,Princess Family,Movie,Horror,unknown,2014,136.0,TV-PG,Hindi,USA,7.5,1750334.0,8461465.0,1,1,0,2023-01-06,0,0,0,0
movie_0934,Kingdom House,TV Series,Comedy,unknown,2018,23.0,TV-G,English,Canada,6.8,0.0,0.0,2,22,1,2021-03-02,1,0,1,1
movie_0935,Day Adventure,Movie,Thriller,unknown,2003,122.0,TV-PG,French,USA,6.4,0.0,0.0,1,1,1,2021-10-31,0,1,1,1
movie_0936,Quest Empire,Movie,Family,Crime,2019,85.0,G,English,USA,3.7,0.0,212795.0,1,1,0,2024-12-04,1,0,1,0
movie_0937,Journey House,Movie,History,unknown,2010,108.0,TV-Y7,English,USA,0.6,27987637.0,0.0,1,1,0,2020-11-26,0,0,0,1
movie_0938,Old House,Movie,Crime,War,1995,116.0,R,English,USA,1.7,6877911.0,65073829.0,1,1,1,2021-04-05,1,0,0,0
movie_0939,Dragon War,TV Series,Crime,unknown,2000,66.0,TV-Y7,English,Canada,6.2,0.0,0.0,10,117,0,2021-07-08,0,0,1,1
movie_0940,Fire Warrior,Limited Series,Documentary,unknown,2016,69.0,TV-PG,English,USA,7.5,0.0,0.0,1,146,0,2020-11-15,0,0,1,1
movie_0941,A Mystery,Movie,War,unknown,2023,117.0,TV-PG,Spanish,Germany,5.6,0.0,31526910.0,1,1,0,2025-05-01,0,0,1,0
movie_0942,King Legend,Stand-up Comedy,Mystery,unknown,1999,98.0,TV-14,English,Canada,5.9,0.0,0.0,1,1,1,2022-12-31,1,0,1,1
movie_0943,Dream Adventure,TV Series,Music,unknown,2021,49.0,TV-MA,English,Japan,9.4,0.0,0.0,14,52,1,2022-12-04,0,0,1,1
movie_0944,Dark Love,Movie,Sci-Fi,Animation,1990,103.0,G,English,Japan,8.3,755027.0,121486.0,1,1,0,2023-07-21,0,0,0,0
movie_0945,Secret Ice,Documentary,Sport,Sci-Fi,2010,97.0,TV-Y7,English,USA,6.6,0.0,0.0,1,1,1,2023-04-30,0,0,1,1
movie_0946,Quest Warrior,Movie,Comedy,Action,2001,83.0,G,English,France,6.5,10571426.0,2106307.0,1,1,0,2023-09-28,0,0,0,0
movie_0947,Secret Mission,Movie,Biography,unknown,1999,84.0,PG-13,Spanish,USA,9.3,7872425.0,5076773.0,1,1,0,2023-04-23,0,0,0,0
movie_0948,Little Night,TV Series,History,unknown,2015,52.0,TV-Y,English,USA,6.8,0.0,0.0,1,164,1,2022-11-15,0,0,1,1
movie_0949,Warrior Adventure,Movie,History,Adventure,2006,106.0,G,Italian,USA,6.0,10082632.0,2344323.0,1,1,0,2023-10-16,1,0,0,0
movie_0950,War Day,TV Series,Thriller,unknown,2000,55.0,TV-14,Korean,USA,6.1,0.0,0.0,11,184,0,2024-03-30,0,0,1,1
movie_0951,Big House,TV Series,Horror,unknown,2020,38.0,G,English,USA,6.7,0.0,0.0,6,72,1,2020-09-20,0,0,1,1
movie_0952,Queen Day,Movie,Western,Music,2009,121.0,PG,English,USA,8.8,9065794.0,0.0,1,1,0,2023-07-21,0,0,0,1
movie_0953,Bright Love,Documentary,Drama,Western,1999,108.0,TV-G,Spanish,South Korea,5.0,0.0,0.0,1,1,0,2020-11-27,0,0,1,1
movie_0954,Mission Adventure,Movie,Comedy,unknown,2020,151.0,PG,German,USA,5.6,479995.0,31220059.0,1,1,1,2020-10-20,0,0,0,0
movie_0955,Queen Empire,Movie,Fantasy,unknown,2022,87.0,PG-13,Spanish,USA,7.2,0.0,0.0,1,1,1,2022-03-03,0,0,1,1
movie_0956,A Love,Stand-up Comedy,Adventure,unknown,2001,97.0,G,English,USA,8.4,0.0,0.0,1,1,0,2023-01-20,0,0,1,1
movie_0957,Storm Love,Documentary,Sci-Fi,Family,2024,102.0,TV-14,Italian,Canada,6.3,0.0,0.0,1,1,1,2021-05-24,0,0,1,1
movie_0958,Story Warrior,Movie,Thriller,unknown,2022,104.0,G,English,USA,9.1,7640901.0,8187582.0,1,1,0,2021-05-19,0,0,0,0
movie_0959,A Dragon,TV Series,Animation,unknown,2016,51.0,R,French,USA,8.9,0.0,0.0,14,17,1,2023-05-11,0,0,1,1
movie_0960,Quest Quest,TV Series,Animation,unknown,2015,29.0,PG-13,English,Canada,7.0,0.0,0.0,3,46,1,2022-02-23,1,0,1,1
movie_0961,Story Mystery,Movie,Fantasy,unknown,2014,115.0,TV-Y7,Spanish,South Korea,7.3,0.0,341983926.0,1,1,1,2025-04-30,0,0,1,0
movie_0962,City Ice,TV Series,History,unknown,2018,45.0,TV-PG,English,USA,6.8,0.0,0.0,9,198,0,2022-05-03,1,0,1,1
movie_0963,War Dream,Limited Series,Sci-Fi,unknown,1998,24.0,NC-17,English,USA,6.7,0.0,0.0,11,30,1,2025-05-18,0,0,1,1
movie_0964,Journey Empire,TV Series,Crime,Documentary,1992,58.0,TV-Y,English,UK,7.1,0.0,0.0,4,18,1,2022-11-22,0,0,1,1
movie_0965,Empire Legend,Movie,Sport,Western,1997,29.0,PG-13,Spanish,Canada,3.5,1437629.0,5514939.0,1,1,0,2020-08-06,0,0,0,0
movie_0966,A Adventure,Stand-up Comedy,Crime,unknown,2024,70.0,TV-G,English,USA,5.9,0.0,0.0,1,1,0,2024-01-20,0,0,1,1
movie_0967,Our Adventure,TV Series,Adventure,unknown,2017,66.0,TV-G,German,USA,7.0,0.0,0.0,11,107,0,2025-04-20,0,0,1,1
movie_0968,First Queen,TV Series,Fantasy,unknown,1996,46.0,NC-17,English,USA,5.8,0.0,0.0,9,14,0,2024-03-16,0,0,1,1
movie_0969,Adventure Story,Movie,Crime,Music,1993,131.0,TV-MA,English,India,6.1,1905142.0,389765.0,1,1,0,2022-01-30,0,0,0,0
movie_0970,House King,TV Series,Biography,unknown,2005,52.0,PG,Spanish,USA,6.4,0.0,0.0,7,159,0,2021-12-21,1,1,1,1
movie_0971,Warrior Empire,TV Series,Romance,unknown,1998,48.0,NC-17,German,Canada,6.3,0.0,0.0,9,107,0,2022-04-21,0,0,1,1
movie_0972,Bright Mystery,Stand-up Comedy,Sport,unknown,1995,54.0,PG-13,Spanish,USA,6.8,0.0,0.0,1,1,0,2024-12-02,0,0,1,1
movie_0973,Dark Kingdom,TV Series,Romance,unknown,2001,66.0,R,German,USA,6.2,0.0,0.0,3,133,1,2022-10-03,0,0,1,1
movie_0974,Queen Storm,TV Series,Crime,Drama,2002,50.0,TV-14,English,Germany,5.8,0.0,0.0,1,11,0,2024-06-28,0,0,1,1
movie_0975,Quest War,Movie,History,Adventure,2013,101.0,TV-MA,French,USA,5.5,12437786.0,110918415.0,1,1,0,2022-11-14,0,0,0,0
movie_0976,Dragon Journey,Movie,Adventure,Documentary,2015,111.0,G,Hindi,Japan,7.3,45933057.0,2099413.0,1,1,0,2022-09-16,0,0,0,0
movie_0977,Little Secret,Movie,Family,Romance,2021,131.0,TV-PG,English,Germany,6.4,1815186.0,2039126.0,1,1,0,2021-06-12,0,1,0,0
movie_0978,City Night,Movie,Romance,Music,2017,93.0,PG-13,Korean,UK,8.5,1669938.0,5999880.0,1,1,1,2022-03-23,1,0,0,0
movie_0979,Story Legend,Movie,War,unknown,2017,110.0,R,French,USA,7.6,2371950.0,0.0,1,1,0,2023-10-03,0,0,0,1
movie_0980,War Battle,TV Series,Adventure,Biography,1966,17.0,TV-MA,Spanish,USA,8.0,0.0,0.0,13,166,0,2024-03-11,0,0,1,1
movie_0981,First Dragon,Movie,Biography,unknown,2008,90.0,TV-14,English,India,5.4,0.0,144443940.0,1,1,1,2025-02-07,0,0,1,0
movie_0982,Storm Dream,Movie,Horror,unknown,1998,99.0,TV-PG,Japanese,Japan,9.2,9850569.0,8806633.0,1,1,0,2024-05-09,0,0,0,0
movie_0983,Day Legend,Movie,Action,Romance,2002,61.0,R,Japanese,Canada,9.4,11539630.0,248879.0,1,1,0,2022-03-13,0,0,0,0
movie_0984,Family Day,Stand-up Comedy,History,unknown,2006,59.0,G,English,Canada,5.8,0.0,0.0,1,1,0,2024-09-24,1,0,1,1
movie_0985,Queen Night,Documentary,Sci-Fi,unknown,2000,89.0,TV-14,French,France,7.7,0.0,0.0,1,1,0,2024-01-21,0,0,1,1
movie_0986,Love Day,TV Series,Horror,unknown,2022,37.0,NC-17,English,USA,8.5,0.0,0.0,10,153,0,2023-03-26,0,0,1,1
movie_0987,Phoenix Storm,TV Series,Horror,Sci-Fi,2023,51.0,TV-Y,English,USA,6.8,0.0,0.0,1,93,0,2023-05-26,0,0,1,1
movie_0988,Little Journey,Stand-up Comedy,War,unknown,2006,72.0,R,English,Canada,1.6,0.0,0.0,1,1,1,2024-01-09,0,0,1,1
movie_0989,Empire Family,Movie,Biography,Fantasy,2008,168.0,TV-14,English,Canada,6.9,0.0,784225.0,1,1,0,2025-07-15,0,0,1,0
movie_0990,Big Quest,Documentary,Mystery,unknown,1997,28.0,G,English,USA,3.4,0.0,0.0,1,1,0,2025-04-20,0,0,1,1
movie_0991,Last Queen,Movie,Drama,unknown,1992,76.0,PG,Italian,USA,6.5,4303395.0,6895198.0,1,1,0,2021-07-19,0,0,0,0
movie_0992,The Love,Movie,Horror,Music,2018,57.0,TV-14,English,USA,6.2,461832.0,0.0,1,1,0,2022-12-15,0,0,0,1
movie_0993,Old Phoenix,Stand-up Comedy,Western,unknown,2020,19.0,PG,Spanish,Canada,3.7,0.0,0.0,1,1,0,2025-05-08,0,0,1,1
movie_0994,Battle Queen,Movie,Mystery,unknown,1990,119.0,TV-14,German,USA,1.4,0.0,28637.0,1,1,0,2024-02-22,1,0,1,0
movie_0995,Big Day,Movie,Horror,unknown,2024,185.0,TV-PG,Japanese,South Korea,7.9,436936.0,25050655.0,1,1,0,2024-01-13,0,0,0,0
movie_0996,Secret Mission,TV Series,Sci-Fi,unknown,1997,69.0,NC-17,English,South Korea,6.4,0.0,0.0,2,24,0,2021-05-28,1,0,1,1
movie_0997,House Empire,TV Series,History,Biography,2024,21.0,R,French,USA,7.1,0.0,0.0,11,124,0,2024-02-29,0,0,1,1
movie_0998,Day Legend,Limited Series,Fantasy,unknown,2013,69.0,TV-14,English,USA,6.0,0.0,0.0,8,162,1,2022-09-25,0,0,1,1
movie_0999,Ice War,Movie,Crime,unknown,1997,16.0,TV-Y7,English,USA,7.0,49649970.0,139707.0,1,1,0,2024-01-06,0,0,0,0
movie_1000,Last Night,TV Series,Sport,unknown,1993,42.0,NC-17,English,UK,6.4,0.0,0.0,10,25,0,2021-09-02,0,1,1,1
